Date,Circular Stapler|Circular Stapler|Ethicon|Circular Stapler excl PPH,Circular Stapler|Circular Stapler|Ethicon|PPH,Circular Stapler|Circular Stapler|Medtronic|Circular Stapler excl PPH,Circular Stapler|Circular Stapler|Medtronic|PPH,Circular Stapler|Circular Stapler|Stryker Sustainability|Circular Stapler excl PPH,Endo Instruments|Endo Instruments|All Others|Endo Ligation,Endo Instruments|Endo Instruments|All Others|Endo Pouch,Endo Instruments|Endo Instruments|All Others|Endo Suture,Endo Instruments|Endo Instruments|All Others|Other Endo,Endo Instruments|Endo Instruments|Applied Medical|Endo Ligation,Endo Instruments|Endo Instruments|Applied Medical|Endo Pouch,Endo Instruments|Endo Instruments|Applied Medical|HALS,Endo Instruments|Endo Instruments|Applied Medical|Other Endo,Endo Instruments|Endo Instruments|Ethicon|Endo Ligation,Endo Instruments|Endo Instruments|Ethicon|Endo Pouch,Endo Instruments|Endo Instruments|Ethicon|Endo Suture,Endo Instruments|Endo Instruments|Ethicon|HALS,Endo Instruments|Endo Instruments|Ethicon|Other Endo,Endo Instruments|Endo Instruments|Intuitive|Endo Ligation,Endo Instruments|Endo Instruments|Intuitive|Other Endo,Endo Instruments|Endo Instruments|Medtronic|Endo Ligation,Endo Instruments|Endo Instruments|Medtronic|Endo Pouch,Endo Instruments|Endo Instruments|Medtronic|Other Endo,Endo Instruments|Endo Instruments|Sterilmed|Endo Ligation,Endo Instruments|Endo Instruments|Sterilmed|Endo Pouch,Endo Instruments|Endo Instruments|Sterilmed|Endo Suture,Endo Instruments|Endo Instruments|Sterilmed|HALS,Endo Instruments|Endo Instruments|Sterilmed|Other Endo,Endo Instruments|Endo Instruments|Stryker Corp|Other Endo,Endo Instruments|Endo Instruments|Stryker Sustainability|Endo Ligation,Endo Instruments|Endo Instruments|Stryker Sustainability|Endo Pouch,Endo Instruments|Endo Instruments|Stryker Sustainability|Endo Suture,Endo Instruments|Endo Instruments|Stryker Sustainability|Other Endo,Endo Instruments|Endo Instruments|Weck|Endo Ligation,Endo Instruments|Endo Instruments|Weck|Other Endo,Endocutter|35mm|All Others|JustRight,Endocutter|35mm|All Others|MicroCutter,Endocutter|35mm|Ethicon|Echelon Thoracic,Endocutter|35mm|Ethicon|ETS,Endocutter|35mm|Intuitive|Endowrist - Endocutter,Endocutter|35mm|Medtronic|Endo GIA Universal,Endocutter|35mm|Medtronic|Multi-Fire Endo GIA,Endocutter|35mm|Medtronic|Multi-Fire Endo TA,Endocutter|35mm|Medtronic|Tri-Staple,Endocutter|35mm|Medtronic|Tri-Staple 2.0,Endocutter|35mm|Stryker Sustainability|ETS/EZ,Endocutter|35mm|Stryker Sustainability|Multi-Fire Endo GIA,Endocutter|45mm|Ethicon|Echelon,Endocutter|45mm|Ethicon|ETS,Endocutter|45mm|Ethicon|ETS/EZ,Endocutter|45mm|Intuitive|Endowrist - Endocutter,Endocutter|45mm|Medtronic|Duet TRS,Endocutter|45mm|Medtronic|Endo GIA II,Endocutter|45mm|Medtronic|Endo GIA Universal,Endocutter|45mm|Medtronic|Tri-Staple,Endocutter|45mm|Medtronic|Tri-Staple 2.0,Endocutter|45mm|Stryker Sustainability|Echelon,Endocutter|45mm|Stryker Sustainability|ETS,Endocutter|45mm|Stryker Sustainability|ETS/EZ,Endocutter|45mm|Stryker Sustainability|Tri-Staple,Endocutter|60mm|Ethicon|Echelon,Endocutter|60mm|Ethicon|ETS,Endocutter|60mm|Ethicon|ETS/EZ,Endocutter|60mm|Medtronic|Duet TRS,Endocutter|60mm|Medtronic|Endo GIA II,Endocutter|60mm|Medtronic|Endo GIA Universal,Endocutter|60mm|Medtronic|Multi-Fire Endo GIA,Endocutter|60mm|Medtronic|Tri-Staple,Endocutter|60mm|Medtronic|Tri-Staple 2.0,Endocutter|60mm|Medtronic|Universal Roticulator,Endocutter|60mm|Stryker Sustainability|Echelon,Endocutter|60mm|Stryker Sustainability|Endo GIA Universal,Endocutter|60mm|Stryker Sustainability|Tri-Staple,Endocutter|Gun|All Others|JustRight,Endocutter|Gun|All Others|MicroCutter,Endocutter|Gun|Ethicon|Echelon,Endocutter|Gun|Ethicon|ETS,Endocutter|Gun|Intuitive|Endowrist - Endocutter,Endocutter|Gun|Medtronic|Endo GIA Ultra,Endocutter|Gun|Medtronic|Endo GIA Universal,Endocutter|Gun|Medtronic|iDrive,Endocutter|Gun|Medtronic|Multi-Fire Endo GIA,Endocutter|Gun|Medtronic|Multi-Fire Endo TA,Endocutter|Gun|Stryker Sustainability|Echelon,Endocutter|Gun|Stryker Sustainability|Endo GIA II,Endocutter|Gun|Stryker Sustainability|Endo GIA Ultra,Endocutter|Gun|Stryker Sustainability|Endo GIA Universal,Endocutter|Gun|Stryker Sustainability|ETS,Endocutter|Gun|Stryker Sustainability|Multi-Fire Endo GIA,Endocutter|Gun|Stryker Sustainability|Multi-Fire Endo TA,Endocutter|Gun|Stryker Sustainability|Ultra Universal,Endocutter|Gun|Stryker Sustainability|Universal,Endocutter|Gun|Stryker Sustainability|Universal Roticulator,Linear Cutter|Linear Cutter|Ethicon|Linear Cutter,Linear Cutter|Linear Cutter|Medtronic|Linear Cutter,Linear Cutter|Linear Cutter|Stryker Sustainability|Linear Cutter,Other Mech|Other Mech|All Others|Skin Stapler,Other Mech|Other Mech|Ethicon|Ligation,Other Mech|Other Mech|Ethicon|Linear Stapler/Curved,Other Mech|Other Mech|Ethicon|Other Mech/Kits,Other Mech|Other Mech|Ethicon|Skin Stapler,Other Mech|Other Mech|Medtronic|Ligation,Other Mech|Other Mech|Medtronic|Linear Stapler/Curved,Other Mech|Other Mech|Medtronic|Skin Stapler,Other Mech|Other Mech|Sterilmed|Ligation,Other Mech|Other Mech|Sterilmed|Skin Stapler,Other Mech|Other Mech|Stryker Sustainability|Ligation,Other Mech|Other Mech|Stryker Sustainability|Linear Stapler/Curved,Other Mech|Other Mech|Stryker Sustainability|Skin Stapler,Other Mech|Other Mech|Weck|Ligation,Other Mech|Other Mech|Weck|Skin Stapler,Trocar|Trocar|All Others|Trocar,Trocar|Trocar|Applied Medical|Trocar,Trocar|Trocar|Ethicon|Trocar,Trocar|Trocar|Intuitive|Trocar,Trocar|Trocar|Medtronic|Trocar,Trocar|Trocar|Sterilmed|Trocar,Trocar|Trocar|Stryker Sustainability|Trocar
1/1/2010,"  8,109 ","  1,512 ","  9,878 ",  209 ,,  407 ,"  2,222 ","  9,376 ","  12,963 ","  1,330 ","  22,444 ","  6,046 ","  20,739 ","  75,477 ","  64,647 ","  28,032 ",  25 ,"  80,696 ","  23,023 ","  9,018 ","  24,915 ","  27,509 ","  31,655 ",,  11 ,,,,,  41 ,  89 ,  3 ,"  2,064 ","  49,112 ",,,,,"  19,001 ",,"  11,508 ","  2,885 ","  1,536 ",  873 ,,  62 ,,"  7,420 ","  58,152 ","  4,196 ",,"  1,284 ","  1,882 ","  38,725 ","  3,677 ",,,  31 ,  21 ,,"  52,947 ",,"  3,382 ",  -   ,"  6,626 ","  35,711 ",  64 ,  351 ,,"  7,676 ",  12 ,  53 ,,,,"  10,683 ","  30,253 ",,  256 ,"  36,714 ",,"  3,103 ",  83 ,  6 ,  34 ,  3 ,,,,  37 ,,  6 ,  3 ,"  73,375 ","  53,084 ",  20 ,"  42,379 ","  200,023 ","  34,206 ","  1,850 ","  356,577 ","  26,437 ","  15,858 ","  95,879 ",  591 ,,  198 ,  198 ,  224 ,"  334,973 ","  11,904 ","  14,528 ","  207,235 ","  466,759 ","  47,105 ","  181,823 ",  961 ,"  28,912 "
2/1/2010,"  7,914 ","  1,608 ","  9,661 ",  278 ,,  322 ,"  2,209 ","  9,303 ","  12,841 ","  1,269 ","  22,802 ","  5,938 ","  20,412 ","  75,131 ","  64,270 ","  27,638 ",  31 ,"  77,812 ","  29,314 ","  10,101 ","  23,674 ","  26,670 ","  29,635 ",,  22 ,,,,,  55 ,  103 ,  3 ,"  1,590 ","  49,500 ",,,,,"  16,946 ",,"  11,271 ","  2,807 ","  1,330 ",  995 ,,  60 ,,"  7,852 ","  60,530 ","  4,428 ",,"  1,410 ","  1,761 ","  37,388 ","  4,056 ",,,  30 ,  19 ,,"  55,877 ",,"  2,494 ",  -   ,"  6,092 ","  34,191 ",  93 ,  706 ,,"  7,492 ",  12 ,  52 ,,,,"  11,407 ","  29,714 ",,  682 ,"  36,110 ",,"  3,106 ",  52 ,  3 ,  38 ,  3 ,  16 ,,,  35 ,,  3 ,  3 ,"  68,387 ","  56,068 ",  125 ,"  43,264 ","  197,173 ","  31,190 ","  2,300 ","  352,111 ","  25,150 ","  15,525 ","  91,621 ",  592 ,,  205 ,  334 ,  246 ,"  319,253 ","  12,058 ","  14,369 ","  208,643 ","  477,533 ","  46,608 ","  172,499 ",  803 ,"  27,499 "
3/1/2010,"  10,124 ","  1,823 ","  9,633 ",  336 ,  3 ,  335 ,"  2,362 ","  8,541 ","  11,683 ","  1,250 ","  22,950 ","  5,891 ","  19,752 ","  96,772 ","  81,475 ","  33,691 ",  34 ,"  102,046 ","  30,572 ","  10,132 ","  22,525 ","  26,550 ","  29,402 ",,  24 ,,,,,  48 ,  117 ,  3 ,"  1,520 ","  47,778 ",,,,,"  21,491 ",,"  11,388 ","  2,392 ","  1,141 ","  1,021 ",,  58 ,,"  9,664 ","  71,457 ","  5,290 ",,"  1,542 ","  1,832 ","  35,132 ","  4,952 ",,,  31 ,  24 ,,"  73,765 ",,"  3,630 ",  -   ,"  5,294 ","  32,775 ",  182 ,"  1,114 ",,"  7,070 ",  11 ,  50 ,,,,"  14,278 ","  37,449 ",,"  1,153 ","  34,850 ",,"  2,806 ",  35 ,  3 ,  29 ,,  13 ,,,  3 ,,  3 ,  3 ,"  86,399 ","  54,571 ",  134 ,"  41,980 ","  247,046 ","  38,501 ","  2,243 ","  436,789 ","  24,208 ","  14,140 ","  87,278 ",  664 ,,  204 ,  348 ,  271 ,"  297,424 ","  11,691 ","  15,152 ","  205,645 ","  603,214 ","  45,207 ","  165,656 ",  670 ,"  28,561 "
4/1/2010,"  7,848 ","  1,446 ","  9,232 ",  367 ,  12 ,  378 ,"  2,269 ","  8,592 ","  11,178 ","  1,418 ","  24,116 ","  5,924 ","  19,455 ","  77,083 ","  65,715 ","  28,256 ",  32 ,"  82,200 ","  28,147 ","  10,047 ","  23,398 ","  28,173 ","  29,236 ",,  34 ,,,,,  46 ,  120 ,,"  1,689 ","  46,261 ",,,,,"  16,207 ",,"  11,392 ","  2,815 ","  1,122 ","  1,135 ",,  56 ,,"  6,928 ","  60,481 ","  4,767 ",,"  1,565 ","  1,929 ","  34,654 ","  6,290 ",,,  40 ,  37 ,,"  55,532 ",,"  2,136 ",  -   ,"  5,366 ","  32,095 ",  175 ,"  2,318 ",,"  6,562 ",  9 ,  23 ,,,,"  11,680 ","  30,490 ",,"  1,977 ","  34,844 ",,"  3,047 ",  51 ,,  28 ,,  13 ,,,  3 ,,  8 ,  3 ,"  69,539 ","  56,152 ",  132 ,"  41,489 ","  193,216 ","  33,101 ","  2,037 ","  353,671 ","  25,480 ","  14,517 ","  86,530 ",  663 ,,  228 ,  349 ,  203 ,"  306,036 ","  12,108 ","  14,425 ","  216,509 ","  479,099 ","  44,069 ","  170,041 ",  315 ,"  25,240 "
5/1/2010,"  8,017 ","  1,579 ","  9,064 ",  408 ,  14 ,  348 ,"  2,022 ","  7,584 ","  10,201 ","  1,528 ","  23,388 ","  5,841 ","  20,475 ","  78,473 ","  66,159 ","  28,298 ",  28 ,"  84,337 ","  28,167 ","  9,448 ","  23,584 ","  29,015 ","  29,277 ",,  31 ,,,,,  49 ,  120 ,,"  1,565 ","  43,171 ",,,,,"  18,376 ",,"  11,633 ","  2,883 ","  1,211 ","  1,021 ",,,,"  11,478 ","  59,403 ","  3,865 ",,"  1,582 ","  1,936 ","  33,240 ","  7,522 ",,,  15 ,  33 ,,"  63,783 ",,"  2,172 ",  -   ,"  4,285 ","  30,169 ",  169 ,"  3,813 ",,"  6,108 ",  2 ,  12 ,,,,"  13,569 ","  31,263 ",,"  3,487 ","  32,522 ",,"  3,193 ",  89 ,  2 ,  10 ,,  17 ,,,  2 ,,  7 ,  17 ,"  72,154 ","  55,797 ",  127 ,"  41,530 ","  200,395 ","  31,476 ","  1,936 ","  359,862 ","  23,243 ","  14,273 ","  85,165 ",  669 ,,  318 ,  239 ,  150 ,"  274,620 ","  12,341 ","  14,430 ","  207,659 ","  485,637 ","  44,038 ","  160,831 ",  245 ,"  22,742 "
6/1/2010,"  9,971 ","  1,563 ","  9,128 ",  385 ,  14 ,  423 ,"  2,129 ","  6,492 ","  10,937 ","  1,604 ","  22,627 ","  5,634 ","  18,958 ","  93,736 ","  77,795 ","  34,648 ",  31 ,"  100,498 ","  29,497 ","  9,574 ","  25,538 ","  31,644 ","  29,612 ",,  37 ,,,,,  41 ,  92 ,,"  1,838 ","  44,607 ",,,,,"  21,415 ",,"  11,971 ","  3,513 ","  1,484 ","  1,133 ",,  2 ,,"  24,006 ","  67,205 ","  4,802 ",,"  1,609 ","  2,052 ","  33,496 ","  9,087 ",,,  14 ,  24 ,,"  69,430 ",,"  2,580 ",  -   ,"  4,407 ","  31,467 ",  149 ,"  5,645 ",,"  6,384 ",  5 ,  21 ,,,,"  16,969 ","  36,003 ",,"  4,654 ","  31,252 ",,"  3,570 ",  94 ,  2 ,  10 ,,  17 ,,  5 ,  2 ,,  7 ,  17 ,"  88,044 ","  55,678 ",  167 ,"  42,327 ","  235,233 ","  37,494 ","  2,113 ","  439,157 ","  25,823 ","  15,393 ","  89,086 ",  662 ,,  272 ,  264 ,  83 ,"  317,890 ","  12,053 ","  14,587 ","  208,284 ","  577,778 ","  43,424 ","  173,658 ",  183 ,"  21,001 "
7/1/2010,"  7,963 ","  1,209 ","  9,330 ",  453 ,  16 ,  491 ,"  2,216 ","  6,172 ","  11,680 ","  1,823 ","  23,374 ","  5,524 ","  19,279 ","  74,989 ","  62,271 ","  28,008 ",  23 ,"  78,627 ","  26,825 ","  8,984 ","  26,792 ","  34,171 ","  29,991 ",,  30 ,,,,,  31 ,  75 ,,"  2,151 ","  44,995 ",,,,,"  17,093 ",,"  12,047 ","  3,780 ","  1,834 ","  1,103 ",,  2 ,,"  23,240 ","  53,865 ","  3,326 ",,"  1,455 ","  2,094 ","  33,147 ","  12,076 ",,,  14 ,  23 ,,"  60,572 ",,"  2,437 ",  -   ,"  4,306 ","  32,659 ",  155 ,"  8,250 ",,"  6,482 ",  5 ,  20 ,,,,"  14,703 ","  28,690 ",,"  5,781 ","  30,524 ",,"  3,858 ",  110 ,  2 ,  2 ,,  7 ,,  5 ,  2 ,,  7 ,  16 ,"  71,329 ","  55,030 ",  69 ,"  41,952 ","  184,676 ","  30,362 ","  1,894 ","  354,424 ","  26,570 ","  16,375 ","  92,315 ",  743 ,,  307 ,  181 ,  54 ,"  285,738 ","  11,847 ","  13,821 ","  210,890 ","  467,407 ","  41,239 ","  183,601 ",  204 ,"  21,242 "
8/1/2010,"  8,241 ","  1,234 ","  9,357 ",  495 ,  13 ,  497 ,"  2,076 ","  5,721 ","  12,860 ","  1,843 ","  24,122 ","  5,397 ","  19,148 ","  77,467 ","  64,340 ","  28,447 ",  20 ,"  81,698 ","  28,872 ","  9,197 ","  28,222 ","  35,733 ","  29,610 ",,  31 ,,,,,  44 ,  77 ,,"  2,467 ","  46,710 ",,,,,"  16,037 ",,"  12,227 ","  4,251 ","  1,912 ","  1,234 ",,  2 ,,"  24,618 ","  50,254 ","  2,985 ",,"  1,342 ","  2,047 ","  33,875 ","  14,664 ",,,  14 ,  18 ,,"  61,194 ",,"  2,079 ",  -   ,"  4,312 ","  33,993 ",  123 ,"  11,251 ",,"  6,490 ",  5 ,  19 ,,,,"  15,260 ","  27,928 ",,"  7,120 ","  29,926 ",,"  4,050 ",  166 ,  2 ,,,  5 ,,  6 ,,,  7 ,  25 ,"  74,100 ","  55,918 ",  58 ,"  43,069 ","  188,920 ","  31,606 ","  1,937 ","  355,832 ","  28,805 ","  17,865 ","  96,489 ",  836 ,,  292 ,  194 ,  18 ,"  453,148 ","  11,586 ","  13,011 ","  213,008 ","  481,121 ","  42,529 ","  197,934 ",  241 ,"  19,402 "
9/1/2010,"  10,020 ","  1,509 ","  12,395 ",  669 ,  11 ,  716 ,"  3,099 ","  8,474 ","  21,193 ","  2,557 ","  38,661 ","  8,329 ","  29,489 ","  97,009 ","  78,920 ","  33,315 ",  25 ,"  95,557 ","  45,474 ","  13,297 ","  43,825 ","  55,866 ","  45,105 ",,  32 ,,,,,  62 ,  111 ,,"  3,963 ","  73,012 ",,,,,"  20,466 ",,"  15,035 ","  4,722 ","  2,463 ","  1,562 ",,  3 ,,"  35,870 ","  60,114 ","  4,299 ",,"  1,666 ","  2,420 ","  42,161 ","  20,672 ",,,,  38 ,,"  76,524 ",,"  2,035 ",  -   ,"  5,466 ","  41,031 ",  208 ,"  17,107 ",,"  7,884 ",  5 ,  15 ,,,,"  19,585 ","  33,308 ",,"  9,704 ","  35,471 ",,"  4,994 ",  242 ,  3 ,,,  5 ,,  8 ,,,  3 ,  30 ,"  93,031 ","  65,169 ",  95 ,"  57,542 ","  227,504 ","  38,740 ","  2,114 ","  436,489 ","  36,088 ","  23,100 ","  124,190 ","  1,108 ",,  321 ,  261 ,  40 ,"  765,881 ","  13,773 ","  19,756 ","  328,873 ","  589,066 ","  69,173 ","  317,958 ",  637 ,"  29,670 "
10/1/2010,"  8,407 ","  1,304 ","  10,690 ",  539 ,  7 ,  709 ,"  2,665 ","  7,462 ","  19,211 ","  2,164 ","  34,474 ","  7,052 ","  26,556 ","  76,574 ","  61,164 ","  28,165 ",  22 ,"  79,284 ","  34,949 ","  12,037 ","  36,613 ","  47,811 ","  37,249 ",,  36 ,,,,,  42 ,  80 ,,"  3,761 ","  62,175 ",,,,,"  16,421 ",,"  10,886 ","  3,412 ","  1,967 ","  1,430 ",,  4 ,,"  27,638 ","  45,716 ","  3,089 ",,"  1,258 ","  1,631 ","  30,454 ","  18,271 ",,,,  29 ,,"  58,662 ",,"  1,573 ",  -   ,"  4,290 ","  29,523 ",  212 ,"  14,018 ",,"  5,870 ",  2 ,  8 ,,,,"  15,492 ","  25,567 ",,"  7,570 ","  25,677 ",,"  3,941 ",  189 ,,,,,,  6 ,,,,  10 ,"  74,493 ","  47,703 ",  74 ,"  48,354 ","  185,662 ","  32,348 ","  1,768 ","  359,134 ","  28,563 ","  18,061 ","  96,452 ",  862 ,,  164 ,  206 ,  40 ,"  477,620 ","  11,196 ","  17,435 ","  294,914 ","  548,425 ","  61,534 ","  278,455 ",  449 ,"  25,242 "
11/1/2010,"  8,157 ","  1,132 ","  10,340 ",  519 ,  9 ,  608 ,"  2,218 ","  7,804 ","  17,322 ","  1,994 ","  34,002 ","  6,837 ","  26,202 ","  76,859 ","  60,216 ","  27,976 ",  25 ,"  80,318 ","  32,402 ","  11,724 ","  35,113 ","  45,007 ","  34,798 ",,  28 ,,,,,  49 ,  78 ,,"  2,762 ","  58,754 ",,,,,"  16,578 ",,"  10,671 ","  3,111 ","  1,521 ","  1,459 ",,  2 ,,"  23,756 ","  41,046 ","  2,108 ",,"  1,239 ","  1,421 ","  29,057 ","  20,163 ",,,,  27 ,,"  64,382 ",,"  1,891 ",  -   ,"  4,381 ","  27,565 ",  240 ,"  16,012 ",,"  5,575 ",,,,,,"  16,323 ","  23,995 ",,"  8,435 ","  24,574 ",,"  3,519 ",  181 ,,,,,,  2 ,,,,  9 ,"  71,215 ","  41,269 ",  25 ,"  46,954 ","  183,234 ","  30,749 ","  1,886 ","  341,373 ","  26,577 ","  17,612 ","  93,772 ",  780 ,,  208 ,  156 ,  36 ,"  449,702 ","  11,478 ","  15,232 ","  286,303 ","  494,599 ","  59,351 ","  264,364 ",  432 ,"  23,698 "
12/1/2010,"  10,965 ","  1,552 ","  13,444 ",  611 ,  8 ,  801 ,"  2,710 ","  9,240 ","  21,773 ","  2,306 ","  43,648 ","  8,634 ","  33,442 ","  96,706 ","  73,387 ","  36,017 ",  24 ,"  97,022 ","  40,190 ","  15,890 ","  44,655 ","  56,636 ","  44,007 ",,  38 ,,,,,  57 ,  102 ,,"  3,408 ","  72,302 ",,,,,"  20,238 ",,"  15,217 ","  4,113 ","  1,886 ","  2,354 ",,  14 ,,"  34,497 ","  54,682 ","  3,666 ",,"  1,944 ","  2,137 ","  41,174 ","  29,990 ",,,,  37 ,,"  92,890 ",,"  1,936 ",  -   ,"  6,836 ","  37,678 ",  442 ,"  23,852 ",,"  7,141 ",,,,,,"  22,518 ","  29,872 ",,"  12,454 ","  33,387 ",,"  4,584 ",  234 ,,  15 ,,,,  3 ,,,  3 ,  12 ,"  89,210 ","  48,737 ",  39 ,"  59,199 ","  223,367 ","  39,529 ","  1,855 ","  426,999 ","  34,095 ","  22,883 ","  121,643 ","  1,017 ",,  178 ,  183 ,  43 ,"  722,536 ","  15,018 ","  19,319 ","  361,186 ","  592,270 ","  76,337 ","  340,340 ",  556 ,"  30,167 "
1/1/2011,"  7,767 ","  1,108 ","  10,543 ",  471 ,  6 ,  675 ,"  2,190 ","  7,722 ","  17,737 ","  2,060 ","  36,912 ","  7,144 ","  28,612 ","  74,735 ","  57,390 ","  26,796 ",  18 ,"  74,618 ","  30,954 ","  12,510 ","  35,675 ","  45,476 ","  35,103 ","  1,732 ",  58 ,  1 ,,"  3,160 ",,  37 ,  72 ,,"  2,396 ","  57,638 ",,,,,"  15,686 ",,"  10,693 ","  3,071 ","  1,270 ","  1,914 ",,  10 ,,"  25,916 ","  43,418 ","  3,210 ",,"  1,428 ","  1,708 ","  29,600 ","  22,975 ",,,,  28 ,,"  59,832 ",,"  1,085 ",  -   ,"  5,361 ","  26,129 ",  323 ,"  18,297 ",,"  4,654 ",  4 ,  2 ,,,,"  16,315 ","  23,592 ",,"  9,260 ","  23,695 ",,"  3,297 ",  137 ,,  11 ,,,,  5 ,,,  4 ,,"  71,773 ","  35,345 ",  29 ,"  46,964 ","  186,237 ","  30,901 ","  1,652 ","  335,822 ","  25,604 ","  17,037 ","  93,364 ","  4,175 ",  154 ,  207 ,  122 ,  48 ,"  436,343 ","  12,387 ","  16,141 ","  296,573 ","  433,997 ","  63,163 ","  268,223 ","  15,382 ","  26,497 "
2/1/2011,"  7,604 ","  1,049 ","  9,822 ",  411 ,  2 ,  600 ,"  2,589 ","  7,154 ","  17,276 ","  2,052 ","  36,331 ","  6,999 ","  29,286 ","  75,516 ","  57,987 ","  27,535 ",  47 ,"  72,944 ","  31,696 ","  12,744 ","  34,391 ","  43,647 ","  34,471 ","  1,813 ",  66 ,  2 ,,"  2,705 ",,  47 ,  75 ,  2 ,"  2,139 ","  55,289 ",,,,,"  15,711 ",,"  10,202 ","  2,727 ","  1,060 ","  1,985 ",,  10 ,  10 ,"  24,475 ","  40,469 ","  2,572 ",,"  1,289 ","  1,554 ","  26,773 ","  22,999 ",,  2 ,,  9 ,,"  61,852 ",  -   ,  643 ,  -   ,"  5,213 ","  24,145 ",  252 ,"  17,634 ",,"  4,182 ",  3 ,  3 ,,,,"  16,335 ","  22,784 ",,"  9,500 ","  21,128 ",,"  3,018 ",  92 ,  3 ,  10 ,,,,  11 ,,,  3 ,  8 ,"  70,393 ","  35,356 ",  12 ,"  46,728 ","  191,631 ","  29,391 ","  1,579 ","  340,506 ","  25,810 ","  17,261 ","  88,083 ","  4,005 ",  160 ,  188 ,  105 ,  34 ,"  311,012 ","  12,962 ","  14,818 ","  286,418 ","  398,393 ","  61,017 ","  257,121 ","  14,154 ","  26,966 "
3/1/2011,"  9,766 ","  1,526 ","  11,183 ",  526 ,  10 ,  698 ,"  3,374 ","  9,177 ","  21,941 ","  2,653 ","  47,908 ","  8,970 ","  39,491 ","  97,393 ","  73,932 ","  34,929 ",  26 ,"  95,885 ","  47,403 ","  16,269 ","  46,089 ","  56,211 ","  44,174 ","  2,162 ",  95 ,  1 ,,"  3,486 ",,  65 ,  121 ,  3 ,"  2,726 ","  73,865 ",,,,,"  18,376 ",,"  13,060 ","  3,534 ","  1,113 ","  2,531 ",,  17 ,  13 ,"  33,687 ","  49,515 ","  3,463 ",,"  1,477 ","  1,909 ","  33,381 ","  29,538 ",,  2 ,,  2 ,,"  80,984 ",,"  1,214 ",  -   ,"  6,626 ","  31,565 ",  249 ,"  24,438 ",,"  5,649 ",  4 ,  4 ,  2 ,,,"  22,040 ","  29,288 ",,"  12,386 ","  25,040 ",,"  3,760 ",  78 ,  4 ,  15 ,,,,  14 ,,,  4 ,  13 ,"  83,874 ","  44,885 ",  21 ,"  57,879 ","  235,619 ","  38,419 ","  1,959 ","  420,419 ","  32,828 ","  21,469 ","  105,087 ","  4,935 ",  160 ,  275 ,  137 ,  46 ,"  394,583 ","  16,214 ","  17,866 ","  372,876 ","  513,886 ","  79,614 ","  326,716 ","  19,224 ","  37,017 "
4/1/2011,"  7,917 ","  1,112 ","  8,555 ",  439 ,  6 ,  572 ,"  2,965 ","  7,263 ","  17,803 ","  2,290 ","  41,931 ","  7,331 ","  34,251 ","  77,196 ","  57,475 ","  27,669 ",  18 ,"  76,575 ","  40,384 ","  13,181 ","  36,345 ","  44,659 ","  36,020 ","  2,238 ",  60 ,  5 ,,"  2,970 ",,  49 ,  91 ,  5 ,"  2,328 ","  60,653 ",,,,,"  14,426 ",,"  9,589 ","  2,644 ",  859 ,"  2,091 ",,  13 ,  10 ,"  25,339 ","  39,564 ","  2,682 ",,"  1,136 ","  1,593 ","  24,527 ","  23,061 ",,  2 ,,  15 ,,"  65,235 ",,"  1,218 ",  -   ,"  5,025 ","  24,023 ",  171 ,"  19,565 ",,"  4,125 ",  3 ,  5 ,  2 ,,,"  18,009 ","  23,120 ",,"  9,211 ","  17,148 ",,"  3,204 ",  82 ,  3 ,  13 ,,  10 ,,  12 ,,,  3 ,  11 ,"  69,427 ","  36,379 ",  19 ,"  45,615 ","  181,874 ","  29,619 ","  1,666 ","  336,816 ","  28,174 ","  16,907 ","  82,796 ","  4,195 ",  122 ,  171 ,  188 ,  41 ,"  322,649 ","  12,920 ","  14,219 ","  311,403 ","  416,482 ","  67,374 ","  263,224 ","  14,338 ","  32,160 "
5/1/2011,"  8,034 ","  1,073 ","  8,299 ",  483 ,  6 ,  535 ,"  3,121 ","  7,753 ","  16,974 ","  2,202 ","  43,250 ","  7,236 ","  35,187 ","  76,014 ","  60,216 ","  29,916 ",  26 ,"  77,634 ","  44,190 ","  12,353 ","  35,723 ","  42,818 ","  34,922 ","  1,535 ",  62 ,,,"  2,627 ",,  50 ,  87 ,  5 ,"  2,507 ","  60,818 ",,,,,"  14,986 ",,"  9,425 ","  2,715 ",  918 ,"  1,856 ",,,  10 ,"  29,229 ","  39,726 ","  2,509 ",,  949 ,"  1,484 ","  23,936 ","  23,610 ",,  2 ,,  15 ,,"  68,557 ",,  480 ,  -   ,"  4,780 ","  23,094 ",  161 ,"  19,867 ",,"  4,043 ",  3 ,  5 ,  2 ,,,"  18,158 ","  24,420 ",,"  9,403 ","  16,267 ",,"  3,414 ",  89 ,  3 ,  5 ,,  10 ,,  14 ,,  2 ,  2 ,  17 ,"  70,013 ","  36,937 ",  15 ,"  46,802 ","  187,698 ","  31,319 ","  1,702 ","  346,581 ","  28,771 ","  16,655 ","  77,929 ","  3,216 ",  103 ,  157 ,  180 ,  39 ,"  330,419 ","  12,732 ","  13,530 ","  307,586 ","  432,570 ","  69,655 ","  253,068 ","  13,506 ","  33,738 "
6/1/2011,"  9,274 ","  1,387 ","  9,858 ",  582 ,  14 ,  620 ,"  4,106 ","  9,680 ","  20,621 ","  2,639 ","  55,119 ","  8,684 ","  44,225 ","  101,458 ","  70,045 ","  34,129 ",  32 ,"  96,279 ","  54,768 ","  15,774 ","  44,438 ","  52,524 ","  41,690 ","  2,914 ",  103 ,  4 ,,"  3,913 ",,  52 ,  121 ,  6 ,"  3,215 ","  75,909 ",,,,,"  19,592 ",,"  11,992 ","  3,116 ","  1,159 ","  2,786 ",,,  12 ,"  35,984 ","  48,962 ","  3,518 ",,"  2,117 ","  1,664 ","  30,018 ","  32,647 ",,  2 ,,  16 ,,"  81,392 ",,  756 ,  -   ,"  5,637 ","  29,855 ",  151 ,"  25,955 ",,"  5,163 ",,  11 ,  2 ,,,"  23,344 ","  28,965 ",,"  12,659 ","  19,417 ",,"  4,279 ",  85 ,  6 ,  21 ,,  12 ,,  12 ,,  2 ,,  20 ,"  87,905 ","  47,049 ",  19 ,"  56,552 ","  221,438 ","  37,597 ","  1,871 ","  428,076 ","  36,434 ","  20,670 ","  93,438 ","  6,315 ",  153 ,  111 ,  192 ,  38 ,"  418,100 ","  15,487 ","  15,810 ","  374,347 ","  523,389 ","  85,116 ","  318,350 ","  27,523 ","  45,194 "
7/1/2011,"  7,261 ","  1,064 ","  8,544 ",  509 ,  11 ,  559 ,"  3,094 ","  7,521 ","  15,502 ","  2,148 ","  44,039 ","  6,619 ","  35,628 ","  74,712 ","  54,043 ","  28,410 ",  26 ,"  75,871 ","  37,896 ","  12,466 ","  35,144 ","  41,107 ","  32,276 ","  1,764 ",  107 ,,  3 ,"  2,630 ",,  29 ,  86 ,  2 ,"  2,504 ","  59,717 ",,,,,"  16,440 ",,"  9,524 ","  2,623 ","  1,103 ","  2,146 ",,,,"  27,168 ","  38,534 ","  2,750 ",,"  1,876 ","  1,299 ","  24,802 ","  27,361 ",,,,  12 ,,"  65,515 ",,  456 ,  -   ,"  4,427 ","  24,593 ",  134 ,"  21,934 ",,"  4,297 ",,  8 ,  2 ,,,"  18,116 ","  23,377 ",,"  10,320 ","  15,745 ",,"  3,374 ",  80 ,  7 ,  16 ,,  9 ,,  5 ,,  3 ,,  11 ,"  66,224 ","  37,644 ",  20 ,"  44,989 ","  173,818 ","  29,061 ","  1,651 ","  343,752 ","  29,995 ","  16,458 ","  75,886 ","  3,699 ",  96 ,  80 ,  146 ,  33 ,"  326,111 ","  12,417 ","  12,674 ","  291,107 ","  416,265 ","  66,844 ","  247,333 ","  16,712 ","  36,383 "
8/1/2011,"  7,609 ",  971 ,"  8,995 ",  532 ,  7 ,  614 ,"  3,337 ","  8,140 ","  15,916 ","  2,289 ","  46,727 ","  6,920 ","  36,588 ","  76,131 ","  55,414 ","  29,290 ",  22 ,"  75,956 ","  40,944 ","  12,961 ","  36,133 ","  43,150 ","  33,265 ","  1,877 ",  110 ,  1 ,,"  3,507 ",,  31 ,  79 ,  2 ,"  2,721 ","  61,220 ",,,,,"  14,637 ",,"  9,515 ","  2,446 ","  1,165 ","  2,128 ",,,,"  28,195 ","  37,781 ","  1,561 ",,"  2,216 ","  1,301 ","  25,259 ","  30,500 ",,,,  12 ,,"  70,136 ",,  36 ,  -   ,"  4,419 ","  25,385 ",  136 ,"  23,451 ",,"  4,342 ",,  8 ,,,,"  18,969 ","  23,609 ",,"  11,508 ","  16,556 ",,"  3,628 ",  91 ,  7 ,  18 ,,  9 ,,  5 ,,  3 ,,  21 ,"  66,234 ","  38,779 ",  14 ,"  45,979 ","  179,521 ","  29,655 ","  1,673 ","  334,186 ","  31,184 ","  17,266 ","  80,473 ","  3,557 ",  125 ,  58 ,  240 ,  36 ,"  343,518 ","  13,038 ","  13,242 ","  298,587 ","  425,629 ","  70,337 ","  265,273 ","  18,187 ","  39,258 "
9/1/2011,"  9,462 ","  1,344 ","  11,500 ",  625 ,  8 ,  771 ,"  4,236 ","  10,483 ","  19,176 ","  2,726 ","  55,755 ","  8,478 ","  45,266 ","  96,160 ","  68,303 ","  33,533 ",  22 ,"  92,400 ","  48,088 ","  15,787 ","  44,815 ","  54,048 ","  39,144 ","  2,456 ",  134 ,,,"  3,989 ",,  38 ,  103 ,,"  3,633 ","  74,758 ",,,,,"  19,331 ",,"  12,212 ","  3,126 ","  1,736 ","  2,749 ",,,,"  35,856 ","  46,335 ","  2,681 ",,"  2,912 ","  1,590 ","  32,330 ","  40,561 ",,,,,,"  84,529 ",,  36 ,  -   ,"  5,604 ","  31,822 ",  159 ,"  30,242 ",,"  5,620 ",,  12 ,,,,"  23,685 ","  28,575 ",,"  15,687 ","  21,910 ",  2 ,"  4,437 ",  101 ,  9 ,  18 ,  2 ,  2 ,,  4 ,,  4 ,,  42 ,"  83,256 ","  47,982 ",  15 ,"  57,034 ","  216,056 ","  36,158 ","  1,842 ","  422,557 ","  37,736 ","  21,741 ","  99,993 ","  4,879 ",  143 ,  77 ,  251 ,  37 ,"  433,044 ","  15,799 ","  16,935 ","  350,508 ","  522,385 ","  85,394 ","  330,582 ","  23,422 ","  51,271 "
10/1/2011,"  7,961 ",  874 ,"  8,929 ",  466 ,  7 ,  635 ,"  3,379 ","  8,545 ","  16,060 ","  2,294 ","  45,762 ","  6,838 ","  37,805 ","  76,493 ","  52,949 ","  29,747 ",  38 ,"  73,717 ","  39,384 ","  13,155 ","  35,387 ","  44,652 ","  31,326 ","  2,157 ",  103 ,,,"  2,538 ",,  26 ,  96 ,  6 ,"  2,719 ","  61,985 ",,,,,"  15,453 ",,"  9,657 ","  2,683 ","  1,371 ","  2,617 ",,,,"  28,330 ","  37,303 ","  2,722 ",,"  2,589 ","  1,253 ","  25,240 ","  34,488 ",,,  2 ,  8 ,  11 ,"  71,572 ",,  24 ,  -   ,"  4,523 ","  25,759 ",  98 ,"  25,614 ",,"  4,652 ",  3 ,  10 ,  18 ,,,"  20,270 ","  23,527 ",,"  13,594 ","  17,863 ",  2 ,"  3,573 ",  79 ,  8 ,  14 ,  3 ,  2 ,,  3 ,,  2 ,  2 ,  34 ,"  65,074 ","  36,818 ",  10 ,"  44,889 ","  184,771 ","  28,876 ","  1,669 ","  326,993 ","  30,304 ","  16,523 ","  83,036 ","  3,742 ",  121 ,  62 ,  174 ,  33 ,"  340,949 ","  12,322 ","  13,680 ","  290,067 ","  416,008 ","  70,657 ","  267,103 ","  21,390 ","  44,478 "
11/1/2011,"  7,354 ",  983 ,"  8,618 ",  407 ,,  680 ,"  3,656 ","  8,396 ","  15,683 ","  2,379 ","  44,015 ","  6,781 ","  36,781 ","  74,640 ","  51,645 ","  26,541 ",  15 ,"  70,376 ","  40,452 ","  12,940 ","  34,547 ","  44,501 ","  31,225 ","  2,079 ",  81 ,  5 ,,"  2,906 ",,  29 ,  95 ,  6 ,"  2,886 ","  60,628 ",,,,,"  13,149 ",,"  8,458 ","  2,851 ","  1,359 ","  2,031 ",,,,"  25,700 ","  32,866 ","  1,580 ",,"  1,599 ","  1,268 ","  22,109 ","  31,780 ",,,  2 ,  8 ,  11 ,"  71,028 ",,  -   ,  -   ,"  3,981 ","  23,198 ",  88 ,"  25,051 ",,"  4,352 ",  7 ,,  16 ,,,"  19,826 ","  20,618 ",,"  12,748 ","  15,985 ",  1 ,"  3,493 ",  82 ,  6 ,  2 ,  3 ,  2 ,,  3 ,,  2 ,  2 ,  32 ,"  62,825 ","  34,643 ",  6 ,"  42,255 ","  167,898 ","  27,684 ","  1,661 ","  315,796 ","  29,174 ","  16,118 ","  80,571 ","  4,001 ",  157 ,  52 ,  177 ,  40 ,"  330,463 ","  11,547 ","  13,457 ","  281,878 ","  407,382 ","  69,640 ","  261,563 ","  21,938 ","  44,104 "
12/1/2011,"  9,517 ","  1,383 ","  10,788 ",  513 ,,  973 ,"  5,313 ","  11,587 ","  21,577 ","  3,560 ","  60,890 ","  9,184 ","  49,315 ","  100,175 ","  66,818 ","  37,365 ",  17 ,"  97,360 ","  63,159 ","  17,213 ","  46,774 ","  60,783 ","  41,073 ","  1,896 ",  70 ,  7 ,,"  3,251 ",,  39 ,  125 ,  8 ,"  3,764 ","  81,881 ",,,,,"  18,361 ",,"  11,853 ","  4,590 ","  1,564 ","  2,734 ",,,,"  37,328 ","  45,673 ","  2,473 ",,"  1,815 ","  2,168 ","  31,257 ","  47,270 ",,  2 ,  2 ,  21 ,  15 ,"  107,965 ",,,  -   ,"  5,636 ","  32,774 ",  99 ,"  38,471 ",,"  6,063 ",  30 ,,  24 ,,,"  27,097 ","  27,216 ",,"  19,762 ","  21,926 ",  11 ,"  5,274 ",  136 ,,  10 ,  4 ,  6 ,,  4 ,,  4 ,  2 ,  43 ,"  82,268 ","  44,904 ",  4 ,"  54,138 ","  222,177 ","  35,673 ","  1,877 ","  412,603 ","  38,146 ","  20,542 ","  107,052 ","  4,010 ",  137 ,  65 ,  261 ,  50 ,"  429,867 ","  14,456 ","  18,801 ","  376,725 ","  547,059 ","  93,356 ","  358,301 ","  27,335 ","  62,731 "
1/1/2012,"  7,682 ",  906 ,"  8,349 ",  340 ,,  776 ,"  4,028 ","  8,311 ","  16,290 ","  3,199 ","  45,957 ","  6,778 ","  36,780 ","  72,874 ","  49,080 ","  28,652 ",  16 ,"  69,354 ","  46,470 ","  12,850 ","  34,637 ","  44,639 ","  29,898 ","  1,399 ",  52 ,,,"  2,512 ",,  30 ,  87 ,  6 ,"  2,623 ","  59,853 ",,,,,"  14,196 ",,"  7,993 ","  3,216 ",  950 ,"  1,839 ",,,,"  23,238 ","  32,491 ","  1,803 ",,  855 ,"  1,683 ","  20,189 ","  32,413 ",,  1 ,  9 ,  14 ,  10 ,"  67,159 ",,,  -   ,"  3,687 ","  21,412 ",  98 ,"  26,955 ",,"  3,647 ",  24 ,,  16 ,,,"  18,690 ","  20,580 ",,"  13,685 ","  13,789 ",  7 ,"  3,412 ",  86 ,,  6 ,  3 ,  4 ,  1 ,  4 ,,  4 ,  1 ,  19 ,"  64,738 ","  35,138 ",  24 ,"  41,714 ","  170,481 ","  27,705 ","  1,742 ","  310,862 ","  30,939 ","  16,001 ","  85,026 ","  3,614 ",  147 ,  73 ,  97 ,  29 ,"  323,144 ","  10,777 ","  14,070 ","  278,045 ","  396,679 ","  68,752 ","  264,097 ","  23,864 ","  47,525 "
2/1/2012,"  7,082 ",  919 ,"  8,060 ",  356 ,  6 ,  738 ,"  4,221 ","  8,414 ","  17,327 ","  3,756 ","  47,786 ","  6,757 ","  37,524 ","  73,517 ","  50,193 ","  26,205 ",  18 ,"  72,826 ","  49,797 ","  13,043 ","  35,665 ","  44,659 ","  30,722 ","  2,244 ",  64 ,  1 ,  4 ,"  3,776 ",,  36 ,  84 ,  6 ,"  2,809 ","  59,900 ",,,,,"  13,785 ",,"  7,913 ","  3,488 ",  877 ,"  1,725 ",,,,"  26,087 ","  32,080 ","  2,119 ",,  605 ,"  1,784 ","  20,105 ","  33,829 ",,  1 ,  9 ,  14 ,  10 ,"  74,892 ",,,  -   ,"  3,809 ","  20,972 ",  82 ,"  28,671 ",,"  3,429 ",  25 ,  1 ,  16 ,,,"  19,382 ","  19,985 ",,"  14,759 ","  13,253 ",  7 ,"  3,552 ",  93 ,,  11 ,  1 ,  3 ,  1 ,  6 ,,  5 ,  1 ,  21 ,"  62,963 ","  34,107 ",  22 ,"  40,762 ","  172,106 ","  28,471 ","  1,166 ","  301,566 ","  30,576 ","  15,788 ","  83,894 ","  4,120 ",  186 ,  57 ,  79 ,  36 ,"  329,662 ","  9,994 ","  14,715 ","  287,231 ","  394,554 ","  70,690 ","  266,769 ","  28,290 ","  50,241 "
3/1/2012,"  9,781 ","  1,332 ","  11,612 ",  453 ,  8 ,  968 ,"  5,807 ","  11,326 ","  23,481 ","  5,565 ","  65,704 ","  9,103 ","  49,731 ","  97,898 ","  65,482 ","  35,079 ",  34 ,"  94,322 ","  71,593 ","  17,436 ","  48,989 ","  59,599 ","  41,946 ","  2,264 ",  62 ,  2 ,  2 ,"  4,157 ",,  45 ,  90 ,,"  3,901 ","  79,578 ",,,,,"  17,504 ",,"  11,275 ","  4,973 ","  1,155 ","  2,382 ",,,,"  35,018 ","  42,385 ","  2,707 ",,  515 ,"  2,551 ","  27,781 ","  48,470 ",,  6 ,  9 ,  11 ,,"  107,668 ",,,  -   ,"  5,281 ","  28,568 ",  67 ,"  42,505 ",,"  4,157 ",  58 ,  2 ,,,,"  27,814 ","  26,550 ",,"  21,475 ","  17,816 ",  10 ,"  4,818 ",  123 ,,  15 ,,  4 ,  2 ,  10 ,,  9 ,,  29 ,"  83,379 ","  45,870 ",  32 ,"  52,718 ","  220,224 ","  35,940 ","  1,508 ","  406,098 ","  40,536 ","  22,083 ","  110,103 ","  4,706 ",  129 ,  103 ,  102 ,  50 ,"  440,318 ","  12,871 ","  20,317 ","  385,697 ","  526,063 ","  91,151 ","  365,794 ","  32,841 ","  66,807 "
4/1/2012,"  7,179 ",  914 ,"  9,009 ",  342 ,  6 ,  714 ,"  4,137 ","  8,546 ","  17,540 ","  4,445 ","  50,464 ","  6,831 ","  37,106 ","  71,586 ","  50,886 ","  28,487 ",  11 ,"  72,624 ","  59,477 ","  13,024 ","  35,616 ","  43,766 ","  30,787 ","  1,854 ",  45 ,  1 ,  2 ,"  3,275 ",,  30 ,  49 ,,"  2,803 ","  61,110 ",,,,,"  13,782 ",,"  8,594 ","  3,327 ",  921 ,"  2,039 ",,,,"  24,924 ","  31,210 ","  1,845 ",,  292 ,"  1,743 ","  19,919 ","  36,719 ",,  4 ,  7 ,  8 ,,"  83,974 ",,,  -   ,"  3,881 ","  20,441 ",  33 ,"  32,626 ",,"  2,774 ",  39 ,  1 ,,,,"  19,447 ","  20,346 ",,"  16,830 ","  12,695 ",  8 ,"  3,582 ",  89 ,,  11 ,,  3 ,  1 ,  7 ,,  7 ,  1 ,  29 ,"  62,184 ","  34,154 ",  24 ,"  39,953 ","  163,620 ","  26,065 ","  1,274 ","  306,640 ","  30,061 ","  16,578 ","  82,737 ","  3,586 ",  110 ,  76 ,  62 ,  26 ,"  333,999 ","  9,514 ","  15,795 ","  288,739 ","  385,650 ","  69,976 ","  274,704 ","  24,711 ","  49,637 "
5/1/2012,"  7,665 ","  1,020 ","  9,696 ",  353 ,  7 ,  760 ,"  4,344 ","  9,645 ","  19,748 ","  5,145 ","  52,953 ","  7,383 ","  39,540 ","  78,987 ","  53,515 ","  27,668 ",  22 ,"  73,703 ","  69,397 ","  14,587 ","  38,208 ","  46,293 ","  33,128 ","  1,588 ",  45 ,,,"  3,480 ",,  31 ,  43 ,,"  3,368 ","  68,217 ",,,,,"  13,985 ",,"  9,486 ","  3,535 ","  1,117 ","  2,188 ",,  5 ,  12 ,"  27,722 ","  33,727 ","  1,551 ",,  255 ,"  1,731 ","  20,419 ","  39,887 ",,  3 ,  7 ,  2 ,,"  90,531 ",,,  -   ,"  4,228 ","  21,509 ",  45 ,"  35,488 ",,"  2,695 ",  27 ,  2 ,,,,"  22,599 ","  22,221 ",,"  18,452 ","  13,139 ",  8 ,"  3,968 ",  75 ,,  21 ,,,  2 ,  6 ,,  5 ,  2 ,  30 ,"  65,451 ","  34,777 ",  28 ,"  42,102 ","  172,789 ","  29,751 ","  1,438 ","  331,970 ","  30,953 ","  17,415 ","  85,140 ","  4,168 ",  123 ,  91 ,  31 ,  23 ,"  451,093 ","  10,261 ","  17,218 ","  312,747 ","  419,933 ","  77,106 ","  298,774 ","  23,946 ","  54,146 "
6/1/2012,"  9,646 ","  1,165 ","  11,980 ",  629 ,  16 ,  865 ,"  5,508 ","  11,618 ","  23,889 ","  6,379 ","  64,628 ","  8,991 ","  47,257 ","  94,189 ","  64,558 ","  35,817 ",  40 ,"  90,781 ","  80,895 ","  17,591 ","  46,295 ","  55,023 ","  39,416 ","  1,830 ",  61 ,  1 ,,"  3,204 ",,  30 ,  46 ,,"  4,497 ","  86,711 ",,,,,"  17,828 ",,"  11,444 ","  4,608 ","  1,533 ","  2,990 ",,  7 ,  15 ,"  33,760 ","  40,773 ","  1,996 ",,  371 ,"  1,934 ","  25,266 ","  49,901 ",,  4 ,  8 ,  2 ,,"  106,241 ",,  -   ,  -   ,"  5,204 ","  25,331 ",  12 ,"  45,779 ",,"  2,999 ",  51 ,  2 ,,,,"  30,467 ","  26,714 ",,"  24,035 ","  16,360 ",  10 ,"  4,864 ",  92 ,,  26 ,,,,  8 ,,  4 ,  2 ,  38 ,"  77,749 ","  43,132 ",  16 ,"  52,513 ","  217,942 ","  35,527 ","  3,190 ","  405,058 ","  36,427 ","  21,282 ","  101,011 ","  3,735 ",  111 ,  79 ,  57 ,  50 ,"  366,735 ","  12,545 ","  21,268 ","  379,213 ","  506,730 ","  95,327 ","  357,266 ","  26,349 ","  63,225 "
7/1/2012,"  6,951 ",  670 ,"  9,347 ",  526 ,  6 ,  780 ,"  4,222 ","  9,372 ","  18,109 ","  5,166 ","  51,269 ","  6,993 ","  35,608 ","  71,814 ","  50,195 ","  27,945 ",  16 ,"  68,927 ","  71,450 ","  14,163 ","  34,458 ","  41,109 ","  29,955 ","  1,688 ",  35 ,,,"  3,049 ",,  14 ,  30 ,,"  3,416 ","  68,349 ",,,,,"  14,393 ",,"  8,434 ","  3,204 ","  1,081 ","  2,151 ",,  5 ,  11 ,"  26,574 ","  34,215 ","  1,639 ",,  254 ,"  1,303 ","  18,137 ","  38,292 ",,  3 ,  6 ,  1 ,,"  83,449 ",,,  -   ,"  3,738 ","  18,846 ",  18 ,"  36,623 ",,"  2,131 ",  38 ,  1 ,,,,"  21,381 ","  20,758 ",,"  18,100 ","  12,114 ",  9 ,"  3,696 ",  62 ,,  15 ,,,,  4 ,,  1 ,  1 ,  27 ,"  61,380 ","  32,051 ",  24 ,"  39,609 ","  161,473 ","  28,313 ","  1,676 ","  321,573 ","  26,632 ","  15,629 ","  75,377 ","  4,108 ",  56 ,  71 ,  61 ,  31 ,"  302,514 ","  9,809 ","  16,576 ","  293,360 ","  392,896 ","  73,864 ","  270,672 ","  21,750 ","  45,794 "
8/1/2012,"  7,547 ",  (14),"  8,608 ",  555 ,  9 ,  826 ,"  4,604 ","  9,830 ","  18,896 ","  5,798 ","  53,069 ","  7,278 ","  36,457 ","  75,649 ","  52,245 ","  29,371 ",  15 ,"  72,445 ","  72,295 ","  14,885 ","  34,209 ","  40,945 ","  29,317 ","  1,988 ",  34 ,  2 ,,"  2,755 ",,  18 ,  37 ,,"  3,906 ","  72,373 ",,,,,"  14,452 ",,"  7,765 ","  2,948 ","  1,004 ","  1,765 ",,  5 ,  19 ,"  28,658 ","  32,218 ","  1,863 ",,  170 ,"  1,222 ","  16,861 ","  37,565 ",,,  6 ,  1 ,,"  87,836 ",,,  -   ,"  3,617 ","  17,914 ",  26 ,"  36,797 ",,"  2,110 ",  1 ,  1 ,,,,"  22,739 ","  21,321 ",,"  17,586 ","  11,154 ",  8 ,"  3,805 ",  71 ,  1 ,  23 ,,,,  3 ,,  1 ,  1 ,  12 ,"  63,531 ","  31,012 ",  37 ,"  42,053 ","  166,972 ","  28,078 ","  1,899 ","  325,189 ","  25,315 ","  14,503 ","  73,105 ","  3,472 ",  79 ,  50 ,  73 ,  27 ,"  309,682 ","  9,811 ","  18,588 ","  303,616 ","  405,333 ","  82,084 ","  272,348 ","  20,440 ","  43,435 "
9/1/2012,"  9,591 ","  2,046 ","  10,142 ",  699 ,  11 ,"  1,000 ","  6,162 ","  12,140 ","  23,813 ","  8,348 ","  68,396 ","  9,036 ","  46,125 ","  92,988 ","  64,676 ","  34,515 ",  45 ,"  89,520 ","  90,727 ","  18,570 ","  41,754 ","  48,687 ","  35,819 ","  2,384 ",  46 ,,,"  3,567 ",,  18 ,  84 ,,"  4,560 ","  89,871 ",,,,,"  17,612 ",,"  8,915 ","  3,574 ","  1,039 ","  1,683 ",,  6 ,  24 ,"  34,983 ","  42,447 ","  1,889 ",,  84 ,"  1,558 ","  19,622 ","  46,028 ",,,  7 ,  2 ,  2 ,"  110,983 ",,  12 ,  -   ,"  4,713 ","  21,427 ",  43 ,"  46,667 ",,"  2,530 ",  2 ,  2 ,,,,"  28,998 ","  26,379 ",,"  21,422 ","  13,432 ",  9 ,"  4,460 ",  108 ,  2 ,  29 ,,,,  4 ,,  2 ,,  11 ,"  79,417 ","  38,517 ",  47 ,"  54,678 ","  209,807 ","  34,094 ","  1,794 ","  399,659 ","  31,713 ","  16,969 ","  91,833 ","  4,403 ",  85 ,  62 ,  104 ,  33 ,"  484,500 ","  12,192 ","  23,460 ","  382,930 ","  500,971 ","  104,452 ","  326,295 ","  25,486 ","  52,590 "
10/1/2012,"  8,019 ","  1,062 ","  7,918 ",  579 ,  9 ,  742 ,"  5,327 ","  10,340 ","  19,130 ","  7,204 ","  58,074 ","  7,199 ","  37,757 ","  74,335 ","  50,465 ","  27,416 ",  21 ,"  67,678 ","  70,033 ","  15,109 ","  32,089 ","  37,295 ","  27,961 ","  1,869 ",  27 ,,,"  3,054 ",,  14 ,  93 ,,"  3,664 ","  71,967 ",,,,,"  13,679 ",,"  6,582 ","  2,536 ",  867 ,"  1,218 ",,  1 ,  8 ,"  28,936 ","  33,287 ","  1,487 ",,  56 ,"  1,122 ","  14,517 ","  35,236 ",,,  6 ,  1 ,  1 ,"  89,802 ",,  -   ,  -   ,"  3,604 ","  15,903 ",  25 ,"  37,644 ",,"  1,951 ",  7 ,  1 ,  1 ,,,"  22,126 ","  19,794 ",,"  16,175 ","  10,160 ",  12 ,"  3,186 ",  67 ,  1 ,  10 ,,,,  3 ,,  1 ,,  8 ,"  63,040 ","  30,811 ",  34 ,"  45,691 ","  167,951 ","  27,989 ","  1,831 ","  304,891 ","  25,654 ","  13,269 ","  74,321 ","  3,817 ",  64 ,  39 ,  102 ,  26 ,"  323,784 ","  9,704 ","  18,851 ","  315,322 ","  406,689 ","  86,913 ","  255,698 ","  23,147 ","  40,659 "
11/1/2012,"  7,331 ",  (280),"  7,298 ",  433 ,  3 ,  707 ,"  5,401 ","  10,877 ","  18,053 ","  7,426 ","  56,979 ","  6,857 ","  37,658 ","  71,739 ","  47,787 ","  26,150 ",  12 ,"  66,030 ","  82,035 ","  15,473 ","  29,427 ","  34,050 ","  26,685 ","  1,592 ",  24 ,,  1 ,"  2,371 ",,  21 ,  132 ,,"  3,635 ","  71,397 ",  4 ,,,,"  12,174 ",,"  6,003 ","  2,053 ",  757 ,"  1,107 ",,  8 ,  8 ,"  25,935 ","  29,355 ","  1,433 ",,,  907 ,"  12,784 ","  32,891 ",,,,,  1 ,"  86,091 ",,  -   ,  -   ,"  3,437 ","  14,718 ",  23 ,"  36,079 ",,"  1,781 ",  5 ,  4 ,  1 ,,,"  22,826 ","  19,171 ",,"  14,681 ","  8,985 ",  15 ,"  2,962 ",  50 ,  1 ,  9 ,,,,  4 ,,  4 ,,  8 ,"  59,638 ","  26,938 ",  26 ,"  40,661 ","  159,473 ","  26,684 ","  1,549 ","  269,294 ","  23,564 ","  11,493 ","  69,277 ","  2,965 ",  108 ,  31 ,  89 ,  18 ,"  295,918 ","  8,933 ","  19,662 ","  313,622 ","  395,870 ","  87,771 ","  244,980 ","  22,208 ","  42,638 "
12/1/2012,"  10,043 ",  471 ,"  9,264 ",  494 ,  12 ,  871 ,"  7,821 ","  14,643 ","  23,768 ","  10,538 ","  77,932 ","  9,115 ","  50,901 ","  94,080 ","  60,735 ","  36,341 ",  41 ,"  90,043 ","  108,915 ","  20,801 ","  38,231 ","  44,900 ","  35,291 ","  1,773 ",  12 ,,  1 ,"  2,899 ",,  42 ,  265 ,,"  5,060 ","  98,469 ",  5 ,,,,"  17,294 ",,"  8,131 ","  2,785 ","  1,115 ","  1,559 ",,  26 ,  11 ,"  35,474 ","  39,089 ","  1,610 ",,  11 ,"  1,237 ","  16,654 ","  43,019 ",,,,  9 ,  2 ,"  123,711 ",,  12 ,  -   ,"  4,543 ","  19,915 ",  31 ,"  48,838 ",,"  2,499 ",  53 ,  5 ,  2 ,,,"  30,120 ","  24,522 ",,"  20,135 ","  12,178 ",  26 ,"  3,915 ",  60 ,  2 ,  12 ,,,,  5 ,,  5 ,  5 ,  11 ,"  80,307 ","  35,544 ",  47 ,"  54,633 ","  202,512 ","  34,216 ","  1,798 ","  373,999 ","  32,245 ","  15,184 ","  89,897 ","  3,719 ",  86 ,  68 ,  172 ,  25 ,"  397,101 ","  11,925 ","  27,445 ","  427,797 ","  516,667 ","  122,268 ","  329,546 ","  25,600 ","  61,968 "
1/1/2013,"  6,714 ",  762 ,"  6,962 ",  383 ,  7 ,  648 ,"  5,674 ","  10,491 ","  15,998 ","  7,677 ","  55,059 ","  6,178 ","  34,662 ","  65,365 ","  42,702 ","  24,977 ",  17 ,"  62,425 ","  83,603 ","  14,427 ","  25,893 ","  30,195 ","  23,589 ","  1,607 ",  16 ,  2 ,,"  3,440 ",,  27 ,  218 ,,"  3,455 ","  68,632 ",  3 ,,,,"  11,693 ",,"  5,258 ","  1,781 ",  802 ,"  1,304 ",,  17 ,,"  26,473 ","  26,282 ","  1,524 ",,  7 ,  726 ,"  10,415 ","  28,636 ",,,,  7 ,  1 ,"  72,191 ",,  -   ,  -   ,"  2,778 ","  12,686 ",  21 ,"  32,751 ",,"  1,666 ",  36 ,  3 ,  2 ,,,"  19,112 ","  17,862 ",,"  13,410 ","  7,647 ",  39 ,"  2,425 ",  37 ,,  2 ,,  1 ,,  3 ,  3 ,  4 ,  3 ,  7 ,"  59,850 ","  26,917 ",  23 ,"  40,881 ","  152,308 ","  27,191 ","  1,610 ","  278,989 ","  24,640 ","  11,542 ","  68,439 ","  3,460 ",  73 ,  48 ,  147 ,  16 ,"  317,327 ","  8,935 ","  18,613 ","  287,098 ","  346,513 ","  83,239 ","  226,629 ","  20,365 ","  47,718 "
2/1/2013,"  7,533 ",  784 ,"  7,593 ",  470 ,  7 ,  693 ,"  6,343 ","  11,855 ","  17,647 ","  8,069 ","  58,945 ","  6,658 ","  38,396 ","  71,414 ","  46,319 ","  26,766 ",  22 ,"  68,379 ","  96,894 ","  16,309 ","  28,603 ","  33,035 ","  25,409 ","  1,986 ",  3 ,,,"  3,137 ",,  31 ,  257 ,,"  4,198 ","  78,094 ",  4 ,,,,"  12,239 ",,"  5,857 ","  1,926 ",  738 ,"  1,662 ",,  19 ,,"  28,700 ","  28,287 ","  1,462 ",,  8 ,  776 ,"  11,463 ","  32,594 ",,,,  11 ,,"  88,053 ",,  -   ,  -   ,"  2,952 ","  14,418 ",  15 ,"  37,756 ",,"  1,952 ",  40 ,  4 ,  4 ,,,"  22,687 ","  19,367 ",,"  15,790 ","  8,447 ",  78 ,"  2,730 ",  27 ,  1 ,  3 ,,  1 ,,  4 ,  4 ,  5 ,  4 ,  15 ,"  62,973 ","  29,149 ",  29 ,"  43,198 ","  171,269 ","  26,933 ","  1,749 ","  296,820 ","  26,284 ","  12,807 ","  75,873 ","  3,578 ",  35 ,  62 ,  173 ,  26 ,"  282,024 ","  10,585 ","  19,945 ","  313,823 ","  381,712 ","  90,538 ","  255,857 ","  23,418 ","  56,505 "
3/1/2013,"  9,278 ",  669 ,"  10,015 ",  593 ,  10 ,  907 ,"  8,627 ","  14,856 ","  21,960 ","  12,005 ","  75,963 ","  8,668 ","  50,023 ","  90,604 ","  59,785 ","  34,628 ",  27 ,"  85,911 ","  132,769 ","  21,021 ","  38,924 ","  44,445 ","  33,987 ","  2,085 ",,,,"  4,469 ",,  38 ,  351 ,,"  5,488 ","  103,012 ",  5 ,,,,"  16,284 ",,"  7,129 ","  2,732 ",  815 ,"  2,325 ",,  24 ,,"  38,308 ","  35,927 ","  2,320 ",,  10 ,  947 ,"  14,711 ","  44,158 ",,  18 ,,  15 ,,"  117,477 ",,  12 ,  -   ,"  3,545 ","  18,802 ",  39 ,"  51,247 ",,"  2,557 ",  62 ,  6 ,  3 ,,,"  30,456 ","  24,408 ",,"  21,757 ","  11,172 ",  186 ,"  3,512 ",  49 ,  5 ,  5 ,,  3 ,,  5 ,  5 ,  6 ,  5 ,  18 ,"  80,042 ","  38,375 ",  73 ,"  53,249 ","  217,401 ","  34,416 ","  1,911 ","  366,154 ","  34,728 ","  16,758 ","  102,589 ","  5,232 ",,  89 ,  231 ,  34 ,"  383,762 ","  13,538 ","  25,398 ","  399,349 ","  490,988 ","  115,463 ","  341,757 ","  30,254 ","  75,904 "
4/1/2013,"  7,538 ",  792 ,"  8,319 ",  493 ,  12 ,  785 ,"  6,796 ","  11,734 ","  17,521 ","  11,102 ","  60,607 ","  6,717 ","  39,292 ","  68,270 ","  47,882 ","  26,445 ",  21 ,"  66,092 ","  102,005 ","  16,473 ","  32,299 ","  35,994 ","  27,585 ","  2,107 ",,,,"  4,324 ",,  25 ,  289 ,,"  4,298 ","  81,976 ",,,,,"  12,781 ",,"  5,431 ","  2,372 ",  595 ,"  1,863 ",,  12 ,,"  30,701 ","  28,398 ","  1,569 ",,  8 ,  771 ,"  11,100 ","  35,269 ",,  14 ,,  12 ,  1 ,"  90,616 ",,  -   ,  -   ,"  2,453 ","  14,729 ",  31 ,"  42,331 ",,"  2,122 ",  32 ,  1 ,  3 ,,,"  24,021 ","  19,261 ",,"  17,580 ","  8,875 ",  213 ,"  2,802 ",  43 ,  6 ,  10 ,  1 ,  3 ,,  1 ,  4 ,  5 ,  4 ,  18 ,"  62,736 ","  32,904 ",  78 ,"  42,827 ","  166,235 ","  26,840 ","  1,466 ","  296,012 ","  29,118 ","  14,441 ","  88,649 ","  4,587 ",,  79 ,  202 ,  21 ,"  371,713 ","  10,704 ","  19,733 ","  309,847 ","  382,171 ","  91,404 ","  275,463 ","  27,083 ","  61,070 "
5/1/2013,"  6,939 ",  753 ,"  8,781 ",  490 ,  7 ,  864 ,"  7,164 ","  13,005 ","  18,648 ","  12,641 ","  63,125 ","  7,120 ","  41,146 ","  72,045 ","  49,345 ","  27,041 ",  28 ,"  68,420 ","  107,069 ","  17,359 ","  35,280 ","  38,697 ","  29,634 ",  525 ,,,,"  3,305 ",,  19 ,  297 ,,"  4,614 ","  86,072 ",,,,,"  13,648 ",,"  5,578 ","  2,315 ",  666 ,"  2,254 ",,,,"  31,668 ","  29,124 ","  1,345 ",,,  703 ,"  10,984 ","  38,020 ",,  46 ,,  5 ,  1 ,"  92,804 ",,  -   ,  -   ,"  2,542 ","  14,658 ",  23 ,"  44,588 ",,"  2,205 ",  27 ,  1 ,  3 ,,,"  26,178 ","  20,262 ",,"  18,620 ","  8,706 ",  276 ,"  2,948 ",  44 ,  11 ,  10 ,  1 ,  3 ,,  1 ,  4 ,  5 ,,  18 ,"  61,845 ","  35,372 ",  77 ,"  44,076 ","  170,533 ","  26,677 ","  1,773 ","  304,274 ","  29,539 ","  15,036 ","  94,492 ","  4,411 ",,  47 ,  191 ,  23 ,"  310,738 ","  11,032 ","  20,002 ","  325,677 ","  395,003 ","  96,069 ","  299,839 ","  24,338 ","  63,742 "
6/1/2013,"  9,482 ","  1,021 ","  11,316 ",  587 ,  12 ,  867 ,"  8,212 ","  15,055 ","  21,569 ","  15,786 ","  74,481 ","  8,298 ","  49,183 ","  75,489 ","  59,828 ","  36,249 ",  17 ,"  83,553 ","  116,733 ","  20,262 ","  42,489 ","  46,731 ","  36,508 ",  282 ,,,,"  4,074 ",,  29 ,  332 ,,"  5,312 ","  101,284 ",,,,,"  17,246 ",,"  6,982 ","  2,876 ",  779 ,"  2,998 ",,,  2 ,"  40,322 ","  36,304 ","  1,893 ",  132 ,,  866 ,"  13,947 ","  49,592 ",,  48 ,  2 ,  6 ,  2 ,"  117,782 ",,  -   ,  -   ,"  3,155 ","  18,450 ",  47 ,"  59,473 ",,"  2,740 ",  31 ,  2 ,  2 ,,,"  30,406 ","  24,520 ",,"  24,485 ","  11,162 ",  524 ,"  3,750 ",  46 ,  15 ,  12 ,  2 ,  2 ,,  2 ,,  7 ,,  22 ,"  78,357 ","  46,802 ",  128 ,"  55,194 ","  205,110 ","  34,079 ","  2,001 ","  383,798 ","  39,407 ","  19,973 ","  131,104 ","  5,794 ",,  86 ,  258 ,  24 ,"  512,381 ","  14,570 ","  22,278 ","  389,828 ","  479,204 ","  112,906 ","  366,729 ","  29,509 ","  72,252 "
7/1/2013,"  7,059 ",  665 ,"  9,324 ",  439 ,  11 ,  723 ,"  6,677 ","  12,714 ","  17,448 ","  13,818 ","  63,272 ","  7,024 ","  41,028 ","  74,497 ","  44,983 ","  27,605 ",  14 ,"  62,038 ","  90,224 ","  16,299 ","  35,688 ","  40,093 ","  31,156 ",  323 ,,,,"  3,546 ",,  26 ,  256 ,,"  4,240 ","  82,065 ",,,,,"  14,129 ",,"  5,886 ","  2,305 ",  799 ,"  2,698 ",,,  2 ,"  29,564 ","  28,423 ",  979 ,  232 ,,  613 ,"  11,125 ","  41,284 ",,  34 ,  1 ,,  2 ,"  89,028 ",,  -   ,  -   ,"  2,464 ","  14,695 ",  37 ,"  49,089 ",,"  2,122 ",  25 ,,,,,"  24,920 ","  19,369 ",,"  19,715 ","  8,778 ",  348 ,"  2,944 ",  48 ,  11 ,  9 ,  2 ,  1 ,,  1 ,,  6 ,,  4 ,"  60,971 ","  38,687 ",  98 ,"  44,312 ","  156,500 ","  27,633 ","  1,691 ","  293,314 ","  32,645 ","  16,856 ","  105,602 ","  4,771 ",,  58 ,  210 ,  13 ,"  293,387 ","  11,498 ","  18,139 ","  322,362 ","  359,986 ","  93,858 ","  311,081 ","  17,409 ","  57,386 "
8/1/2013,"  7,188 ",  684 ,"  9,501 ",  440 ,  11 ,  765 ,"  6,584 ","  13,149 ","  17,847 ","  13,423 ","  66,654 ","  7,437 ","  42,926 ","  70,203 ","  47,387 ","  26,327 ",  13 ,"  64,498 ","  88,181 ","  16,907 ","  36,832 ","  43,236 ","  32,418 ",  297 ,,,,"  3,398 ",,  31 ,  239 ,,"  4,288 ","  85,610 ",,,,,"  13,353 ",,"  6,516 ","  2,305 ",  862 ,"  3,257 ",,  8 ,  16 ,"  31,269 ","  28,981 ","  1,134 ",  516 ,,  627 ,"  11,066 ","  44,227 ",,  26 ,  1 ,,  4 ,"  97,016 ",,  -   ,  -   ,"  2,598 ","  15,193 ",  31 ,"  52,213 ",,"  2,139 ",  25 ,,,,,"  24,862 ","  20,147 ",,"  21,033 ","  9,046 ",  336 ,"  3,172 ",  49 ,  9 ,  15 ,  3 ,,,  3 ,,  7 ,,  4 ,"  63,613 ","  40,370 ",  74 ,"  46,030 ","  162,447 ","  27,085 ","  1,706 ","  304,522 ","  33,755 ","  17,564 ","  110,111 ","  4,893 ",,  54 ,  216 ,  16 ,"  338,633 ","  11,899 ","  18,784 ","  336,945 ","  372,836 ","  100,855 ","  329,058 ","  28,024 ","  59,338 "
9/1/2013,"  9,065 ",  897 ,"  12,053 ",  576 ,  10 ,  885 ,"  7,901 ","  16,396 ","  21,306 ","  15,148 ","  82,990 ","  9,435 ","  53,331 ","  80,809 ","  61,394 ","  34,795 ",  24 ,"  82,250 ","  108,584 ","  21,458 ","  45,344 ","  55,207 ","  39,477 ",  383 ,,,,"  4,809 ",,  36 ,  328 ,  5 ,"  5,101 ","  106,241 ",,,,,"  18,539 ",,"  8,585 ","  2,814 ","  1,096 ","  4,522 ",,  8 ,  19 ,"  40,456 ","  35,291 ","  1,093 ","  1,288 ",,  806 ,"  13,872 ","  56,563 ",,  53 ,  2 ,,  3 ,"  118,666 ",,,  -   ,"  3,452 ","  18,753 ",  38 ,"  66,390 ",,"  2,527 ",  33 ,,,,,"  31,528 ","  24,608 ",,"  27,106 ","  11,276 ",  369 ,"  3,854 ",  65 ,  8 ,  6 ,  3 ,,,  8 ,,  14 ,,  3 ,"  77,475 ","  51,590 ",  101 ,"  57,796 ","  201,625 ","  34,526 ","  1,906 ","  376,015 ","  43,995 ","  22,171 ","  135,527 ","  6,042 ",,  70 ,  298 ,  35 ,"  436,623 ","  16,165 ","  22,784 ","  425,984 ","  459,799 ","  126,433 ","  414,489 ","  33,480 ","  69,919 "
10/1/2013,"  7,209 ",  660 ,"  9,567 ",  472 ,  7 ,  631 ,"  6,057 ","  13,399 ","  15,968 ","  11,565 ","  65,547 ","  7,360 ","  41,589 ","  63,644 ","  43,941 ","  25,998 ",  36 ,"  64,906 ","  81,073 ","  17,333 ","  35,867 ","  43,698 ","  31,256 ",  516 ,,,,"  2,936 ",,  28 ,  249 ,  4 ,"  3,796 ","  83,006 ",,,,,"  12,763 ",,"  6,314 ","  2,080 ",  829 ,"  3,517 ",,  6 ,  15 ,"  33,194 ","  26,274 ","  1,038 ","  1,700 ",,  694 ,"  10,360 ","  41,826 ",,  16 ,  1 ,  5 ,  2 ,"  91,426 ",,,  -   ,"  2,687 ","  14,010 ",  47 ,"  52,098 ",,"  1,782 ",  8 ,,,,,"  24,027 ","  18,882 ",  11 ,"  20,948 ","  8,302 ",  282 ,"  2,802 ",  50 ,  1 ,  5 ,  2 ,,,  8 ,,  12 ,,  4 ,"  61,674 ","  41,887 ",  79 ,"  44,986 ","  162,707 ","  26,345 ","  1,974 ","  304,534 ","  34,812 ","  17,412 ","  109,179 ","  4,580 ",,  71 ,  198 ,  31 ,"  385,613 ","  12,840 ","  18,297 ","  336,021 ","  354,165 ","  102,345 ","  320,460 ","  30,206 ","  52,489 "
11/1/2013,"  8,618 ",  865 ,"  10,579 ",  466 ,  4 ,  750 ,"  6,303 ","  15,100 ","  16,859 ","  12,015 ","  67,879 ","  8,144 ","  44,827 ","  68,126 ","  45,962 ","  29,290 ",  9 ,"  69,070 ","  93,369 ","  19,069 ","  40,081 ","  49,665 ","  33,489 ",  439 ,,,,"  3,204 ",,  24 ,  277 ,  4 ,"  4,181 ","  90,449 ",,,,,"  13,746 ",,"  7,286 ","  2,228 ",  940 ,"  4,533 ",,  7 ,  16 ,"  33,626 ","  27,780 ","  1,088 ","  2,322 ",,  773 ,"  11,178 ","  47,362 ",,  19 ,  1 ,  5 ,  3 ,"  112,266 ",,,  -   ,"  3,046 ","  15,668 ",  32 ,"  58,231 ",,"  2,005 ",  9 ,,,,,"  26,416 ","  18,817 ",  108 ,"  24,471 ","  9,372 ",  195 ,"  3,125 ",  64 ,  1 ,  5 ,  3 ,  1 ,,  9 ,,  13 ,,  4 ,"  64,601 ","  46,252 ",  92 ,"  48,501 ","  176,457 ","  28,705 ","  1,864 ","  321,832 ","  38,293 ","  18,767 ","  116,008 ","  4,799 ",,  62 ,  167 ,  30 ,"  361,572 ","  14,099 ","  20,505 ","  365,587 ","  386,768 ","  109,961 ","  347,230 ","  27,854 ","  59,539 "
12/1/2013,"  8,817 ",  900 ,"  11,616 ",  480 ,  3 ,  888 ,"  7,342 ","  17,250 ","  19,195 ","  14,218 ","  78,428 ","  9,483 ","  51,657 ","  79,376 ","  51,736 ","  35,744 ",  41 ,"  77,404 ","  110,990 ","  22,637 ","  47,365 ","  58,587 ","  38,467 ",  987 ,,,,"  3,343 ",,  37 ,  282 ,  4 ,"  4,922 ","  106,722 ",,,,,"  14,349 ",,"  8,182 ","  2,545 ",  997 ,"  5,752 ",,  8 ,  24 ,"  39,452 ","  31,512 ","  1,372 ","  3,800 ",,  978 ,"  12,835 ","  55,090 ",,  21 ,  2 ,  8 ,  2 ,"  130,457 ",,,  -   ,"  3,379 ","  17,311 ",  45 ,"  68,257 ",,"  2,203 ",  10 ,,,,,"  32,351 ","  21,909 ",  169 ,"  30,139 ","  11,280 ",  249 ,"  3,627 ",  67 ,  2 ,  6 ,  2 ,  10 ,,  11 ,,  14 ,  2 ,  13 ,"  72,951 ","  50,371 ",  106 ,"  51,690 ","  193,836 ","  30,137 ","  1,814 ","  373,217 ","  41,349 ","  19,222 ","  126,667 ","  4,682 ",,  95 ,  221 ,  32 ,"  425,385 ","  15,452 ","  25,455 ","  430,943 ","  456,331 ","  127,899 ","  403,697 ","  29,078 ","  67,215 "
1/1/2014,"  6,716 ",  681 ,"  9,166 ",  371 ,  2 ,  564 ,"  5,097 ","  12,844 ","  13,424 ","  10,481 ","  53,374 ","  6,806 ","  36,010 ","  56,247 ","  38,884 ","  25,504 ",  19 ,"  57,517 ","  78,351 ","  16,144 ","  33,337 ","  41,246 ","  27,450 ","  1,012 ",,,,"  2,514 ",,  22 ,  206 ,  3 ,"  3,831 ","  74,058 ",,,,,"  10,845 ",,"  5,168 ","  1,550 ",  606 ,"  4,055 ",,  1 ,,"  27,917 ","  23,741 ","  1,197 ","  2,850 ",,  628 ,"  8,615 ","  37,073 ",,  34 ,  1 ,  11 ,  1 ,"  80,386 ",,,  -   ,"  2,134 ","  11,041 ",  30 ,"  45,425 ",,"  1,471 ",  6 ,,,,,"  21,805 ","  16,603 ",  206 ,"  20,417 ","  7,872 ",  144 ,"  2,251 ",  48 ,  1 ,  5 ,  1 ,  9 ,,  11 ,,  9 ,  1 ,  10 ,"  57,918 ","  39,385 ",  80 ,"  39,650 ","  149,730 ","  25,614 ","  1,614 ","  280,173 ","  31,721 ","  15,002 ","  98,670 ","  4,110 ",,  71 ,  173 ,  27 ,"  337,174 ","  12,673 ","  18,490 ","  307,712 ","  318,958 ","  88,157 ","  286,833 ","  22,255 ","  47,097 "
2/1/2014,"  7,197 ",  680 ,"  9,793 ",  405 ,  3 ,  552 ,"  5,533 ","  13,754 ","  14,092 ","  11,400 ","  55,348 ","  7,467 ","  38,346 ","  64,124 ","  41,864 ","  25,870 ",  21 ,"  59,563 ","  85,810 ","  16,883 ","  35,656 ","  44,621 ","  30,787 ",  965 ,,,,"  2,773 ",,  28 ,  165 ,,"  3,977 ","  77,722 ",,,,,"  12,004 ",,"  5,553 ","  1,593 ",  649 ,"  4,554 ",,,  1 ,"  29,380 ","  24,892 ",  963 ,"  3,105 ",,  731 ,"  9,478 ","  40,914 ",,  31 ,  1 ,  12 ,  1 ,"  84,619 ",,,,"  2,093 ","  12,085 ",  32 ,"  48,958 ",,"  1,614 ",  2 ,,,,,"  23,197 ","  17,653 ",  247 ,"  22,656 ","  8,866 ",  185 ,"  2,431 ",  43 ,  1 ,  5 ,,  10 ,,  9 ,,  4 ,  1 ,  8 ,"  61,683 ","  42,648 ",  121 ,"  41,918 ","  160,555 ","  26,249 ","  1,668 ","  300,570 ","  32,660 ","  16,347 ","  109,409 ","  4,663 ",,  69 ,  231 ,  25 ,"  345,669 ","  13,158 ","  20,194 ","  324,542 ","  323,348 ","  93,843 ","  312,166 ","  25,463 ","  52,255 "
3/1/2014,"  9,351 ",  944 ,"  12,305 ",  516 ,  7 ,  743 ,"  7,386 ","  16,942 ","  18,376 ","  15,419 ","  70,800 ","  10,261 ","  50,590 ","  82,249 ","  55,161 ","  34,230 ",  20 ,"  80,117 ","  123,916 ","  22,117 ","  47,137 ","  60,086 ","  40,381 ","  1,461 ",  13 ,,,"  3,922 ",,  33 ,  213 ,,"  4,925 ","  102,567 ",,,  18 ,,"  14,700 ",,"  7,674 ","  2,014 ",  753 ,"  6,901 ",,  33 ,  3 ,"  38,468 ","  33,548 ","  1,188 ","  4,509 ",,  947 ,"  13,579 ","  60,248 ",,  43 ,  2 ,  10 ,  3 ,"  117,902 ",,,,"  2,478 ","  16,316 ",  60 ,"  67,835 ",,"  2,172 ",  5 ,,  2 ,,  4 ,"  31,643 ","  23,036 ",  427 ,"  32,515 ","  13,540 ",  234 ,"  3,021 ",  59 ,  2 ,  15 ,,  14 ,  3 ,  9 ,  9 ,  4 ,  2 ,  17 ,"  79,485 ","  52,170 ",  159 ,"  51,631 ","  209,789 ","  32,784 ","  1,930 ","  378,499 ","  41,417 ","  20,487 ","  140,074 ","  6,088 ",,  104 ,  311 ,  31 ,"  503,176 ","  17,136 ","  27,379 ","  423,067 ","  438,238 ","  121,896 ","  422,873 ","  33,346 ","  72,021 "
4/1/2014,"  7,244 ",  715 ,"  9,432 ",  436 ,  6 ,  496 ,"  5,993 ","  13,035 ","  14,180 ","  12,045 ","  54,262 ","  7,927 ","  38,582 ","  63,416 ","  43,658 ","  26,286 ",  12 ,"  60,506 ","  91,512 ","  17,170 ","  35,553 ","  46,765 ","  31,990 ","  1,151 ",  10 ,,,"  2,438 ",,  28 ,  155 ,,"  3,676 ","  80,147 ",  5 ,  47 ,  14 ,,"  11,717 ",,"  6,022 ","  1,642 ",  593 ,"  5,643 ",,  25 ,  2 ,"  31,544 ","  25,679 ",  945 ,"  3,769 ",,  784 ,"  11,223 ","  48,420 ",,  34 ,,  9 ,  4 ,"  92,224 ",,,  -   ,"  1,839 ","  12,466 ",  46 ,"  55,061 ",,"  1,736 ",  4 ,,  1 ,  26 ,  3 ,"  24,967 ","  18,172 ",  346 ,"  25,932 ","  11,034 ",  196 ,"  2,239 ",  30 ,,  12 ,,  9 ,  2 ,  7 ,  7 ,  1 ,  1 ,  13 ,"  60,139 ","  38,520 ",  99 ,"  38,675 ","  162,261 ","  25,501 ","  1,715 ","  292,881 ","  30,889 ","  15,534 ","  108,355 ","  4,019 ",,  55 ,  249 ,  31 ,"  340,414 ","  13,088 ","  21,794 ","  324,009 ","  330,609 ","  98,157 ","  329,501 ","  20,199 ","  55,930 "
5/1/2014,"  7,585 ",  696 ,"  10,030 ",  493 ,  6 ,  550 ,"  6,636 ","  14,095 ","  14,639 ","  12,443 ","  56,113 ","  8,505 ","  40,838 ","  67,398 ","  45,626 ","  27,381 ",  25 ,"  67,871 ","  97,534 ","  18,493 ","  38,203 ","  50,623 ","  35,926 ","  1,242 ",  20 ,,,"  2,335 ",,  28 ,  172 ,,"  3,839 ","  85,511 ",  5 ,  60 ,  13 ,,"  12,833 ",,"  5,982 ","  1,699 ",  583 ,"  6,257 ",,  25 ,  2 ,"  31,200 ","  26,671 ",  925 ,"  3,745 ",,  736 ,"  11,832 ","  51,230 ",,  34 ,,  15 ,  6 ,"  96,546 ",,,  -   ,"  1,934 ","  13,018 ",  42 ,"  58,750 ",,"  1,831 ",  5 ,,  1 ,  32 ,  3 ,"  26,289 ","  19,310 ",  363 ,"  27,115 ","  11,608 ",  188 ,"  2,402 ",  30 ,  1 ,  13 ,,  4 ,  2 ,  7 ,  7 ,  1 ,,  7 ,"  62,894 ","  41,429 ",  90 ,"  41,300 ","  166,927 ","  26,573 ","  1,716 ","  310,700 ","  32,504 ","  17,551 ","  117,902 ","  5,509 ",,  36 ,  228 ,  34 ,"  318,583 ","  13,271 ","  23,006 ","  340,025 ","  348,070 ","  107,636 ","  355,138 ","  27,021 ","  65,566 "
6/1/2014,"  9,060 ",  904 ,"  12,700 ",  634 ,  6 ,  732 ,"  7,929 ","  16,552 ","  17,002 ","  14,126 ","  65,050 ","  9,824 ","  47,295 ","  78,453 ","  54,695 ","  34,367 ",  24 ,"  78,274 ","  121,310 ","  21,669 ","  45,750 ","  61,749 ","  42,792 ","  1,392 ",  23 ,,,"  3,415 ",,  33 ,  201 ,,"  4,143 ","  101,095 ",  5 ,  74 ,  130 ,,"  14,994 ",,"  7,699 ","  2,106 ",  867 ,"  8,255 ",,  26 ,  20 ,"  43,862 ","  31,957 ","  1,015 ","  4,981 ",,"  1,006 ","  15,106 ","  66,114 ",,  21 ,,  21 ,  6 ,"  122,343 ",,,  -   ,"  2,185 ","  16,094 ",  63 ,"  75,331 ",,"  2,269 ",  16 ,,  2 ,  40 ,  23 ,"  32,603 ","  23,317 ",  429 ,"  35,601 ","  14,816 ",  244 ,"  3,181 ",  27 ,  2 ,  8 ,,  3 ,  3 ,,  9 ,  2 ,,  14 ,"  77,399 ","  50,636 ",  119 ,"  51,175 ","  202,031 ","  32,614 ","  1,875 ","  378,249 ","  40,059 ","  21,532 ","  146,996 ","  5,593 ",,  54 ,  349 ,  38 ,"  450,385 ","  15,835 ","  27,254 ","  389,212 ","  414,172 ","  130,582 ","  421,137 ","  31,179 ","  82,617 "
7/1/2014,"  7,176 ",  593 ,"  10,548 ",  481 ,  4 ,  606 ,"  6,431 ","  13,681 ","  13,281 ","  11,020 ","  52,179 ","  7,747 ","  37,767 ","  64,349 ","  43,720 ","  28,296 ",  12 ,"  62,877 ","  97,400 ","  17,509 ","  36,714 ","  49,599 ","  33,743 ","  1,142 ",  19 ,,,"  1,961 ",,  19 ,  195 ,,"  3,322 ","  82,489 ",  4 ,  58 ,  261 ,,"  13,021 ",,"  5,882 ","  1,856 ",  703 ,"  6,794 ",,  21 ,  15 ,"  31,556 ","  27,414 ","  1,015 ","  4,524 ",,  728 ,"  11,685 ","  54,609 ",,  19 ,,  17 ,  5 ,"  98,951 ",,,  -   ,"  1,629 ","  12,605 ",  50 ,"  61,687 ",,"  1,834 ",  15 ,  1 ,  1 ,  31 ,  45 ,"  26,016 ","  18,932 ",  399 ,"  28,479 ","  11,742 ",  174 ,"  2,643 ",  25 ,  4 ,  6 ,,  2 ,  2 ,,  7 ,,,  13 ,"  62,160 ","  41,082 ",  63 ,"  41,364 ","  165,141 ","  27,513 ","  1,666 ","  306,441 ","  32,989 ","  17,190 ","  120,561 ","  4,075 ",,  35 ,  221 ,  23 ,"  381,429 ","  12,934 ","  21,778 ","  308,495 ","  337,517 ","  106,665 ","  331,380 ","  20,965 ","  71,574 "
8/1/2014,"  7,366 ",  720 ,"  10,989 ",  469 ,  9 ,  628 ,"  6,684 ","  15,309 ","  13,705 ","  10,642 ","  53,031 ","  8,051 ","  39,034 ","  66,209 ","  45,387 ","  27,645 ",  25 ,"  62,425 ","  103,290 ","  18,313 ","  37,693 ","  52,481 ","  35,251 ","  1,051 ",  10 ,,,"  1,810 ",,  40 ,  213 ,,"  3,434 ","  88,728 ",  4 ,  56 ,  310 ,,"  13,437 ",,"  5,755 ","  2,007 ",  662 ,"  6,786 ",,  7 ,  13 ,"  34,094 ","  26,326 ","  1,058 ","  3,733 ",,  789 ,"  11,568 ","  54,561 ",,  19 ,,  17 ,  4 ,"  99,536 ",,,  -   ,"  1,599 ","  12,671 ",  6 ,"  61,407 ",,"  1,777 ",  14 ,  3 ,,  30 ,  48 ,"  26,664 ","  19,311 ",  324 ,"  28,693 ","  11,312 ",  179 ,"  2,820 ",  30 ,  6 ,,,  4 ,,,,,,  11 ,"  61,130 ","  42,453 ",  45 ,"  41,579 ","  163,271 ","  27,161 ","  1,679 ","  306,938 ","  34,320 ","  17,541 ","  123,685 ","  5,082 ",,  24 ,  203 ,  16 ,"  353,991 ","  12,597 ","  22,758 ","  311,434 ","  338,613 ","  111,532 ","  341,015 ","  19,770 ","  75,798 "
9/1/2014,"  8,927 ",  718 ,"  13,783 ",  573 ,  10 ,  830 ,"  8,316 ","  19,722 ","  17,129 ","  13,326 ","  68,869 ","  10,237 ","  50,437 ","  82,976 ","  55,871 ","  33,342 ",  38 ,"  81,298 ","  138,306 ","  23,232 ","  47,113 ","  65,826 ","  44,782 ","  1,386 ",  12 ,,,"  2,179 ",,  46 ,  417 ,,"  3,979 ","  112,146 ",,  32 ,  417 ,,"  16,415 ",,"  7,033 ","  2,490 ",  993 ,"  8,925 ",,  9 ,  17 ,"  42,722 ","  34,372 ","  1,367 ","  4,055 ",,  974 ,"  14,029 ","  71,147 ",,  25 ,,  21 ,  3 ,"  125,252 ",,,  -   ,"  1,886 ","  16,119 ",  8 ,"  79,117 ",,"  2,039 ",  19 ,  4 ,,  16 ,  61 ,"  33,433 ","  24,197 ",  299 ,"  37,030 ","  14,481 ",  171 ,"  3,898 ",  47 ,  8 ,,,  5 ,,,,,,  14 ,"  76,544 ","  52,880 ",  50 ,"  51,627 ","  201,958 ","  31,643 ","  1,935 ","  379,863 ","  43,149 ","  21,289 ","  150,005 ","  6,588 ",,  26 ,  222 ,  9 ,"  441,933 ","  15,775 ","  30,060 ","  400,220 ","  426,165 ","  144,920 ","  431,184 ","  29,799 ","  95,620 "
10/1/2014,"  7,889 ",  624 ,"  11,454 ",  471 ,  11 ,  605 ,"  6,687 ","  16,230 ","  14,764 ","  10,624 ","  57,271 ","  8,254 ","  40,380 ","  68,722 ","  45,561 ","  28,192 ",  30 ,"  65,594 ","  110,112 ","  18,940 ","  37,991 ","  52,536 ","  35,440 ","  1,255 ",,,,"  2,171 ",,  29 ,  352 ,,"  3,204 ","  89,915 ",,  25 ,  415 ,,"  12,593 ",,"  5,716 ","  1,858 ",  860 ,"  6,944 ",,  8 ,  14 ,"  35,271 ","  25,832 ",  678 ,"  2,323 ",,  804 ,"  10,762 ","  56,818 ",,  20 ,,  9 ,,"  105,352 ",,  -   ,  -   ,"  1,389 ","  12,960 ",  7 ,"  63,300 ",,"  1,470 ",  14 ,  4 ,,  13 ,  57 ,"  28,233 ","  18,986 ",  185 ,"  29,015 ","  11,338 ",  140 ,"  2,981 ",  34 ,  5 ,,,  4 ,,,,,,  11 ,"  62,164 ","  42,368 ",  42 ,"  42,790 ","  165,355 ","  27,807 ","  1,995 ","  307,695 ","  36,513 ","  16,300 ","  125,867 ","  5,355 ",,  16 ,  169 ,  4 ,"  341,994 ","  13,669 ","  25,633 ","  328,089 ","  353,401 ","  119,052 ","  348,329 ","  23,248 ","  75,299 "
11/1/2014,"  7,999 ",  766 ,"  11,748 ",  498 ,  15 ,  573 ,"  7,015 ","  17,494 ","  16,269 ","  11,167 ","  62,515 ","  8,902 ","  43,364 ","  70,507 ","  46,198 ","  27,506 ",  22 ,"  44,229 ","  119,279 ","  20,610 ","  39,912 ","  54,278 ","  37,876 ","  1,069 ",,,,"  1,442 ",,  28 ,  599 ,,"  3,043 ","  98,000 ",,  26 ,  358 ,  -   ,"  12,640 ",,"  5,300 ","  1,841 ",  951 ,"  7,343 ",,,,"  35,566 ","  26,053 ","  1,014 ","  1,557 ",,  818 ,"  10,614 ","  56,623 ",,  14 ,,  1 ,,"  109,147 ",,  -   ,  -   ,"  1,596 ","  13,125 ",  7 ,"  65,097 ",,"  1,404 ",  5 ,  4 ,,  13 ,  42 ,"  28,714 ","  18,174 ",  174 ,"  28,567 ","  11,257 ",  144 ,"  2,919 ",  37 ,  5 ,  1 ,,  1 ,,,,,,  12 ,"  63,772 ","  44,916 ",  25 ,"  44,080 ","  181,068 ","  27,987 ","  2,478 ","  332,951 ","  38,776 ","  17,337 ","  135,965 ","  4,816 ",,  9 ,  125 ,  1 ,"  337,509 ","  14,945 ","  27,725 ","  358,447 ","  372,899 ","  126,438 ","  364,398 ","  21,308 ","  79,826 "
12/1/2014,"  9,357 ",  837 ,"  12,862 ",  547 ,  17 ,  678 ,"  8,157 ","  19,921 ","  19,575 ","  12,791 ","  72,616 ","  10,352 ","  49,931 ","  82,154 ","  51,125 ","  33,767 ",  28 ,"  50,704 ","  138,149 ","  24,153 ","  46,355 ","  61,984 ","  44,591 ","  1,222 ",,,,"  2,381 ",,  33 ,"  1,338 ",  2 ,"  3,570 ","  113,805 ",,  49 ,  252 ,  -   ,"  14,389 ",,"  6,448 ","  2,144 ","  1,332 ","  9,805 ",,,,"  43,873 ","  29,352 ",  600 ,  721 ,,"  1,010 ","  13,045 ","  71,231 ",,,,  2 ,,"  145,992 ",,  -   ,  -   ,"  2,029 ","  15,879 ",  8 ,"  82,054 ",,"  1,630 ",,  3 ,,  24 ,  23 ,"  35,857 ","  21,149 ",  232 ,"  36,329 ","  14,079 ",  160 ,"  3,609 ",  52 ,  3 ,  2 ,,  2 ,,,,,,  12 ,"  74,074 ","  48,129 ",  8 ,"  48,181 ","  186,735 ","  31,880 ","  2,110 ","  369,142 ","  42,376 ","  18,715 ","  152,357 ","  6,244 ",,  3 ,  111 ,,"  459,361 ","  16,919 ","  33,239 ","  423,014 ","  433,332 ","  144,221 ","  421,736 ","  25,875 ","  85,460 "
1/1/2015,"  6,406 ",  563 ,"  9,317 ",  394 ,  5 ,  507 ,"  5,800 ","  13,393 ","  14,374 ","  9,264 ","  53,695 ","  7,501 ","  35,964 ","  59,411 ","  39,216 ","  26,256 ",  13 ,"  36,767 ","  98,745 ","  17,493 ","  33,060 ","  44,104 ","  32,336 ","  1,314 ",,,,"  1,802 ",,,"  1,060 ",  2 ,"  2,714 ","  80,784 ",,  32 ,  107 ,  252 ,"  11,202 ",,"  4,217 ","  1,367 ",  874 ,"  7,175 ",,,,"  28,731 ","  22,595 ",  566 ,  903 ,,  644 ,"  8,052 ","  47,084 ",,,,  1 ,,"  91,807 ",,  -   ,  -   ,"  1,339 ","  9,816 ",,"  55,081 ",,  944 ,  1 ,,,  16 ,  15 ,"  23,983 ","  16,213 ",  286 ,"  23,726 ","  9,345 ",  105 ,"  2,326 ",  30 ,,  1 ,,,,,,,,  3 ,"  55,733 ","  34,838 ",  1 ,"  35,286 ","  141,818 ","  25,378 ","  1,688 ","  291,463 ","  30,395 ","  13,240 ","  111,990 ","  5,490 ",,  1 ,  89 ,,"  295,126 ","  13,200 ","  24,705 ","  320,795 ","  308,848 ","  104,611 ","  300,623 ","  23,934 ","  60,261 "
2/1/2015,"  7,333 ",  798 ,"  9,784 ",  391 ,  9 ,  536 ,"  6,040 ","  14,048 ","  15,138 ","  9,502 ","  57,185 ","  7,773 ","  36,822 ","  64,180 ","  41,431 ","  27,227 ",  8 ,"  38,879 ","  100,812 ","  18,180 ","  34,600 ","  45,186 ","  32,543 ","  1,111 ",,,,"  2,833 ",,,"  1,216 ",  2 ,"  2,936 ","  83,877 ",  3 ,  53 ,  86 ,"  2,194 ","  10,902 ",,"  4,569 ","  1,352 ",  929 ,"  7,712 ",,,,"  32,036 ","  23,562 ",  403 ,"  1,577 ",,  773 ,"  8,556 ","  50,190 ",,,,  1 ,,"  101,437 ",,  -   ,,"  1,428 ","  10,222 ",,"  57,671 ",,"  1,015 ",  1 ,  6 ,,  32 ,  18 ,"  26,397 ","  16,776 ",  430 ,"  25,127 ","  9,858 ",  125 ,"  2,326 ",  37 ,,  1 ,,,,,,,,  4 ,"  61,517 ","  36,130 ",  5 ,"  37,403 ","  158,310 ","  25,896 ","  1,551 ","  299,915 ","  31,506 ","  13,878 ","  121,039 ","  5,179 ",,  1 ,  114 ,,"  277,290 ","  14,387 ","  24,675 ","  335,637 ","  315,240 ","  106,327 ","  306,121 ","  27,568 ","  62,353 "
3/1/2015,"  8,866 ",  804 ,"  11,778 ",  433 ,  14 ,  707 ,"  7,897 ","  18,488 ","  18,925 ","  12,639 ","  75,642 ","  10,078 ","  47,948 ","  81,828 ","  52,804 ","  30,347 ",  21 ,"  49,333 ","  140,381 ","  23,057 ","  43,292 ","  57,499 ","  41,124 ","  2,144 ",,,,"  2,998 ",,,"  1,575 ",  2 ,"  3,511 ","  109,176 ",  3 ,  68 ,  17 ,"  2,364 ","  14,625 ",,"  5,225 ","  1,681 ","  1,105 ","  9,916 ",,,,"  41,090 ","  29,474 ",  689 ,"  3,260 ",,"  1,062 ","  10,423 ","  62,476 ",,,,,,"  133,948 ",,,,"  1,993 ","  12,080 ",,"  71,102 ",,"  1,309 ",  2 ,  8 ,,  41 ,  24 ,"  33,599 ","  21,363 ",  755 ,"  31,803 ","  12,552 ",  126 ,"  2,846 ",  45 ,,  2 ,,,,,,  2 ,,  14 ,"  76,374 ","  43,383 ",  7 ,"  45,214 ","  205,577 ","  32,156 ","  1,831 ","  385,558 ","  37,774 ","  16,805 ","  148,754 ","  7,568 ",,  12 ,  132 ,,"  351,996 ","  17,872 ","  31,472 ","  438,086 ","  406,111 ","  136,080 ","  383,005 ","  36,047 ","  78,880 "
4/1/2015,"  7,485 ",  717 ,"  9,480 ",  332 ,  11 ,  608 ,"  6,557 ","  15,496 ","  15,241 ","  10,447 ","  64,012 ","  8,045 ","  39,667 ","  65,978 ","  41,914 ","  28,801 ",  22 ,"  38,763 ","  115,769 ","  18,662 ","  34,171 ","  44,670 ","  31,603 ","  1,323 ",,,,"  1,742 ",,,"  1,328 ",  2 ,"  2,924 ","  87,886 ",  3 ,  97 ,  2 ,"  4,140 ","  11,366 ",,"  4,282 ","  1,345 ",  949 ,"  7,977 ",,,,"  31,120 ","  23,334 ",  291 ,"  3,313 ",,  812 ,"  8,068 ","  50,204 ",,,,,,"  107,171 ",,,,"  1,608 ","  9,617 ",,"  56,893 ",,"  1,049 ",  1 ,  7 ,,  50 ,  19 ,"  28,251 ","  17,441 ",  697 ,"  25,603 ","  10,277 ",  77 ,"  2,354 ",  30 ,,,,  1 ,,  7 ,,  1 ,,  8 ,"  59,789 ","  33,959 ",  62 ,"  36,465 ","  157,301 ","  25,517 ","  1,944 ","  300,741 ","  29,947 ","  13,028 ","  116,219 ","  6,206 ",,  9 ,  75 ,,"  281,236 ","  14,600 ","  25,986 ","  353,996 ","  322,697 ","  114,326 ","  301,101 ","  28,763 ","  60,877 "
5/1/2015,"  7,508 ",  657 ,"  9,839 ",  330 ,  19 ,  656 ,"  7,330 ","  16,273 ","  15,575 ","  10,742 ","  72,446 ","  7,977 ","  41,864 ","  68,798 ","  43,929 ","  24,324 ",  17 ,"  40,743 ","  122,497 ","  19,370 ","  35,554 ","  47,064 ","  33,258 ","  1,404 ",,,,"  2,229 ",,,  532 ,,"  2,861 ","  92,799 ",  3 ,  139 ,  2 ,"  4,353 ","  12,130 ",,"  4,611 ","  1,313 ","  1,083 ","  8,430 ",,,,"  36,873 ","  23,940 ",  216 ,"  4,147 ",,  905 ,"  8,820 ","  54,570 ",,  1 ,,,,"  114,932 ",,,,"  1,955 ","  10,642 ",,"  62,443 ",,"  1,048 ",  1 ,  7 ,,  76 ,  21 ,"  30,561 ","  18,021 ",  845 ,"  27,828 ","  11,529 ",  98 ,"  2,485 ",  34 ,,,,  1 ,,  7 ,,  1 ,,  10 ,"  62,217 ","  34,989 ",  65 ,"  36,670 ","  163,932 ","  26,833 ","  1,772 ","  307,764 ","  30,505 ","  13,145 ","  118,131 ","  5,579 ",,  24 ,  113 ,,"  280,154 ","  15,097 ","  28,163 ","  373,035 ","  345,896 ","  124,140 ","  312,196 ","  26,884 ","  62,873 "
6/1/2015,"  9,088 ",  684 ,"  11,705 ",  429 ,  25 ,  788 ,"  9,044 ","  19,630 ","  17,594 ","  12,545 ","  97,468 ","  8,332 ","  51,252 ","  80,067 ","  51,342 ","  41,583 ",  32 ,"  47,718 ","  137,775 ","  22,306 ","  42,124 ","  53,911 ","  38,828 ","  1,508 ",,,,"  3,064 ",,,  649 ,  8 ,"  3,239 ","  110,252 ",  3 ,  261 ,  6 ,"  6,635 ","  14,515 ",,"  5,408 ","  1,757 ","  1,521 ","  9,826 ",,,,"  42,103 ","  28,572 ",  60 ,"  5,425 ",,"  1,004 ","  11,227 ","  65,381 ",,  2 ,,,,"  135,976 ",,,,"  2,482 ","  13,264 ",,"  73,769 ",,"  1,300 ",,  9 ,,  117 ,  22 ,"  36,060 ","  21,169 ","  1,007 ","  33,654 ","  14,277 ",  107 ,"  3,247 ",  38 ,  2 ,,,  2 ,,  8 ,,  2 ,,  17 ,"  73,347 ","  41,479 ",  83 ,"  44,439 ","  197,771 ","  30,741 ","  1,965 ","  379,967 ","  36,199 ","  16,135 ","  140,422 ","  7,834 ",,  30 ,  116 ,,"  333,389 ","  17,627 ","  34,016 ","  440,255 ","  393,238 ","  146,594 ","  359,166 ","  34,854 ","  73,686 "
7/1/2015,"  7,159 ",  582 ,"  9,762 ",  364 ,  20 ,  628 ,"  7,676 ","  16,461 ","  14,384 ","  10,144 ","  83,681 ","  6,364 ","  42,774 ","  65,815 ","  42,458 ","  18,781 ",  11 ,"  37,795 ","  115,956 ","  18,281 ","  34,480 ","  43,641 ","  32,488 ","  1,144 ",,,,"  1,504 ",,,  417 ,  8 ,"  2,614 ","  90,939 ",,  222 ,  26 ,"  4,840 ","  11,762 ",,"  4,170 ","  1,527 ","  1,279 ","  7,875 ",,,,"  34,573 ","  21,901 ",  -   ,"  4,619 ",,  748 ,"  9,344 ","  52,103 ",,  2 ,,,,"  106,896 ",,,,"  2,277 ","  10,977 ",,"  60,489 ",,"  1,077 ",,,,  90 ,  20 ,"  29,084 ","  17,094 ",  967 ,"  27,373 ","  11,847 ",  83 ,"  2,768 ",  24 ,  2 ,,,  2 ,,  9 ,,  2 ,,  17 ,"  57,903 ","  34,590 ",  82 ,"  36,109 ","  156,453 ","  25,904 ","  2,040 ","  299,328 ","  29,682 ","  13,352 ","  119,303 ","  5,866 ",,  32 ,  90 ,,"  276,700 ","  14,434 ","  29,042 ","  358,547 ","  322,916 ","  121,420 ","  292,321 ","  26,289 ","  59,428 "
8/1/2015,"  7,016 ",  548 ,"  10,252 ",  405 ,  20 ,  711 ,"  8,173 ","  18,453 ","  15,082 ","  10,389 ","  94,072 ","  6,046 ","  46,232 ","  67,177 ","  43,026 ","  37,924 ",  16 ,"  38,372 ","  120,881 ","  19,658 ","  36,764 ","  45,538 ","  34,643 ","  1,275 ",,,,"  1,677 ",,,  310 ,  12 ,"  2,769 ","  97,755 ",,  261 ,  41 ,"  5,995 ","  11,345 ",,"  4,724 ","  1,665 ","  1,622 ","  8,532 ",,,,"  33,772 ","  22,889 ",  42 ,"  4,562 ",,  703 ,"  10,356 ","  56,780 ",,  3 ,,,,"  106,651 ",,,,"  2,374 ","  12,037 ",  13 ,"  65,357 ",,"  1,152 ",,,,  120 ,  18 ,"  29,838 ","  17,270 ","  1,177 ","  29,691 ","  13,138 ",  123 ,"  3,233 ",  26 ,  3 ,,,  3 ,,  13 ,,,,  8 ,"  67,745 ","  36,830 ",  117 ,"  37,351 ","  159,581 ","  25,681 ","  1,403 ","  308,074 ","  31,208 ","  14,568 ","  127,276 ","  6,959 ",,  29 ,  126 ,,"  276,101 ","  15,030 ","  31,068 ","  380,708 ","  325,957 ","  131,111 ","  307,669 ","  28,971 ","  61,863 "
9/1/2015,"  9,300 ",  733 ,"  12,742 ",  514 ,  15 ,  801 ,"  9,957 ","  22,880 ","  16,670 ","  12,550 ","  130,904 ","  5,940 ","  52,304 ","  83,265 ","  52,911 ","  33,055 ",  16 ,"  49,505 ","  147,453 ","  24,138 ","  46,276 ","  56,484 ","  45,239 ","  1,387 ",,,,"  2,765 ",,,  380 ,  12 ,"  3,663 ","  123,381 ",,  346 ,  73 ,"  8,052 ","  13,337 ",,"  6,147 ","  2,111 ","  1,524 ","  10,515 ",,,,"  44,743 ","  28,229 ",  61 ,"  6,864 ",,  648 ,"  12,767 ","  72,227 ",,  3 ,,,,"  135,841 ",,,,"  2,565 ","  12,882 ",  17 ,"  80,766 ",,"  1,064 ",  91 ,,,  149 ,  28 ,"  36,934 ","  21,290 ","  1,779 ","  37,852 ","  17,081 ",  178 ,"  4,521 ",  78 ,  3 ,,,,,  3 ,,,,  31 ,"  76,941 ","  44,036 ",  27 ,"  43,890 ","  196,166 ","  30,851 ","  1,999 ","  378,856 ","  38,275 ","  18,188 ","  162,821 ","  8,068 ",,  30 ,  103 ,,"  347,869 ","  17,124 ","  39,615 ","  462,453 ","  413,188 ","  157,044 ","  414,657 ","  33,384 ","  73,324 "
10/1/2015,"  7,667 ",  623 ,"  10,566 ",  444 ,  7 ,  534 ,"  7,293 ","  17,978 ","  10,516 ","  9,421 ","  99,568 ","  4,076 ","  37,530 ","  67,552 ","  42,508 ","  25,479 ",  35 ,"  37,436 ","  100,854 ","  18,244 ","  33,509 ","  39,576 ","  32,195 ","  1,297 ",,,,"  3,908 ",,,"  1,344 ",  8 ,"  2,517 ","  89,846 ",,  306 ,  63 ,"  7,441 ","  10,901 ",,"  5,825 ","  1,896 ","  1,955 ","  9,662 ",,,,"  35,645 ","  21,390 ",  -   ,"  5,725 ",,  460 ,"  9,686 ","  61,432 ",,,,  12 ,,"  106,167 ",,,,"  2,005 ","  10,185 ",  14 ,"  69,101 ",,  788 ,  57 ,,,  130 ,  21 ,"  30,125 ","  16,496 ","  1,791 ","  34,186 ","  14,536 ",  196 ,"  4,124 ",  33 ,  2 ,  7 ,,,,  2 ,,,,  21 ,"  59,506 ","  37,151 ",  35 ,"  37,092 ","  161,446 ","  28,511 ","  1,621 ","  310,006 ","  31,088 ","  15,183 ","  142,182 ","  6,323 ",,  7 ,  70 ,,"  296,258 ","  13,905 ","  31,027 ","  351,332 ","  330,875 ","  113,484 ","  278,401 ","  24,993 ","  51,277 "
11/1/2015,"  8,261 ",  716 ,"  11,022 ",  380 ,  6 ,  575 ,"  7,340 ","  20,585 ","  11,948 ","  11,074 ","  108,506 ","  4,428 ","  42,020 ","  71,023 ","  44,392 ","  26,066 ",  20 ,"  39,519 ","  120,052 ","  20,304 ","  35,075 ","  44,589 ","  33,340 ","  1,231 ",,,,"  2,755 ",,,"  1,271 ",,"  10,598 ","  97,417 ",  2 ,  220 ,  62 ,"  7,039 ","  11,385 ",,"  5,164 ","  1,437 ","  1,431 ","  8,978 ",,,,"  37,120 ","  22,180 ",  8 ,"  5,667 ",,  390 ,"  8,745 ","  57,387 ",,,  34 ,  42 ,,"  114,340 ",,,,"  2,036 ","  9,074 ",  14 ,"  64,185 ",,  695 ,  64 ,,,  128 ,  20 ,"  30,930 ","  15,835 ","  1,745 ","  32,626 ","  12,690 ",  238 ,"  3,311 ",  42 ,,,,,,,,,,  18 ,"  59,926 ","  36,423 ",  28 ,"  39,278 ","  170,206 ","  26,211 ","  1,854 ","  320,149 ","  33,628 ","  15,283 ","  149,715 ","  7,222 ",,  8 ,  112 ,,"  322,635 ","  15,210 ","  32,882 ","  292,411 ","  359,376 ","  128,296 ","  311,762 ","  24,733 ","  62,086 "
12/1/2015,"  8,771 ",  697 ,"  12,138 ",  475 ,  8 ,  667 ,"  9,742 ","  21,491 ","  13,504 ","  12,415 ","  125,390 ","  5,661 ","  45,761 ","  83,275 ","  49,855 ","  32,136 ",  17 ,"  46,033 ","  161,790 ","  24,230 ","  44,333 ","  53,463 ","  44,640 ","  1,526 ",,,,"  4,141 ",  7 ,,"  2,122 ",,"  2,966 ","  113,587 ",  2 ,  237 ,  38 ,"  6,970 ","  11,828 ",,"  5,702 ","  2,115 ","  2,044 ","  11,003 ",,,,"  42,800 ","  26,178 ",  15 ,"  6,660 ",,  712 ,"  10,228 ","  71,577 ",,  64 ,  69 ,  58 ,,"  152,381 ",,,,"  2,639 ","  11,136 ",  17 ,"  80,307 ",,  797 ,  49 ,,,  148 ,  21 ,"  38,627 ","  18,713 ","  1,928 ","  41,174 ","  16,693 ",  145 ,"  4,184 ",  21 ,,,,,,,,,,  3 ,"  73,471 ","  44,554 ",  18 ,"  55,988 ","  188,664 ","  29,030 ","  2,308 ","  381,322 ","  37,348 ","  17,901 ","  164,888 ","  6,234 ",,  8 ,  115 ,,"  386,970 ","  18,243 ","  40,914 ","  352,389 ","  421,616 ","  150,729 ","  371,786 ","  42,600 ","  61,011 "
1/1/2016,"  7,228 ",  656 ,"  10,470 ",  351 ,  7 ,  571 ,"  7,368 ","  15,615 ","  10,654 ","  9,107 ","  100,025 ","  4,093 ","  36,480 ","  65,521 ","  41,543 ","  27,867 ",  18 ,"  35,919 ","  121,061 ","  18,435 ","  35,820 ","  42,822 ","  35,982 ","  1,152 ",,,,"  2,820 ",  5 ,,"  1,236 ",,"  1,979 ","  89,418 ",  2 ,  245 ,  14 ,"  5,917 ","  10,864 ",  343 ,"  4,040 ","  1,360 ","  1,400 ","  8,485 ",,,,"  33,281 ","  19,448 ",  12 ,"  4,544 ",,  547 ,"  7,626 ","  55,449 ",,  48 ,  52 ,  43 ,,"  99,017 ",,,,"  1,801 ","  7,655 ",,"  58,618 ",,  602 ,  4 ,,,  134 ,  7 ,"  27,853 ","  14,107 ","  1,716 ","  30,373 ","  11,136 ",  113 ,"  2,814 ",  18 ,,,,,,,,,,  2 ,"  63,698 ","  37,826 ",  16 ,"  46,398 ","  159,696 ","  25,805 ","  1,792 ","  300,780 ","  32,163 ","  14,993 ","  147,726 ","  4,981 ",,,  82 ,,"  325,804 ","  14,249 ","  31,221 ","  274,962 ","  326,314 ","  114,884 ","  292,270 ","  29,739 ","  49,611 "
2/1/2016,"  7,132 ",  585 ,"  10,157 ",  399 ,  2 ,  609 ,"  8,314 ","  16,654 ","  11,216 ","  8,261 ","  110,001 ","  4,136 ","  37,092 ","  70,710 ","  41,940 ","  27,024 ",  15 ,"  40,607 ","  127,587 ","  20,302 ","  40,239 ","  44,173 ","  36,147 ","  1,085 ",,,,"  2,818 ",  6 ,,  893 ,,"  2,709 ","  95,700 ",  2 ,  257 ,,"  6,707 ","  9,848 ",  707 ,"  4,418 ","  1,685 ","  1,167 ","  9,195 ",,,,"  34,401 ","  20,822 ",  35 ,"  4,691 ",,  621 ,"  8,659 ","  59,026 ",,  52 ,  28 ,  25 ,  30 ,"  96,471 ",,,,"  1,866 ","  8,566 ",  7 ,"  60,883 ",,  840 ,  4 ,,  33 ,  172 ,  5 ,"  29,603 ","  17,551 ","  1,949 ","  32,486 ","  11,945 ",  128 ,"  2,717 ",  26 ,,,,,,,,,,  2 ,"  60,166 ","  38,459 ",  12 ,"  46,011 ","  163,282 ","  25,028 ","  1,674 ","  304,775 ","  32,341 ","  15,001 ","  150,437 ","  4,849 ",,  14 ,  49 ,,"  325,224 ","  14,292 ","  31,251 ","  299,818 ","  339,448 ","  119,721 ","  300,081 ","  31,724 ","  50,315 "
3/1/2016,"  8,780 ",  747 ,"  11,753 ",  509 ,,  803 ,"  9,505 ","  20,495 ","  14,360 ","  7,440 ","  133,985 ","  4,434 ","  48,250 ","  90,080 ","  51,814 ","  35,523 ",  18 ,"  45,922 ","  141,580 ","  24,399 ","  48,121 ","  53,173 ","  40,877 ","  1,532 ",,,,"  3,813 ",,,"  1,667 ",,"  3,090 ","  114,765 ",  3 ,  280 ,,"  8,281 ","  11,567 ","  1,916 ","  6,077 ","  1,872 ","  1,278 ","  11,376 ",,,,"  44,447 ","  24,797 ",  15 ,"  5,298 ",,  742 ,"  10,120 ","  69,673 ",,,,,  38 ,"  131,223 ",,,  -   ,"  2,307 ","  10,920 ",  9 ,"  74,814 ",,"  1,352 ",,,  40 ,  196 ,  8 ,"  36,552 ","  18,505 ","  2,565 ","  36,013 ","  14,389 ",  168 ,"  3,320 ",  32 ,,,,,,,,,,,"  73,094 ","  42,375 ",,"  53,626 ","  203,434 ","  31,975 ","  2,316 ","  378,923 ","  35,312 ","  17,188 ","  169,280 ","  6,425 ",,  17 ,  28 ,,"  380,865 ","  16,357 ","  32,708 ","  365,418 ","  425,555 ","  153,858 ","  357,366 ","  39,939 ","  64,475 "
4/1/2016,"  7,833 ",  706 ,"  10,286 ",  489 ,,  698 ,"  8,865 ","  18,741 ","  13,420 ","  4,043 ","  117,773 ","  3,871 ","  47,606 ","  77,859 ","  43,409 ","  28,376 ",  35 ,"  37,403 ","  121,443 ","  21,311 ","  41,967 ","  43,931 ","  35,227 ","  1,073 ",,,,"  3,184 ",  3 ,,  972 ,,"  2,435 ","  102,192 ",,  258 ,,"  6,612 ","  11,007 ","  2,946 ","  4,630 ","  1,578 ",  966 ,"  10,088 ",,,,"  37,166 ","  20,551 ",  -   ,"  5,803 ",,  523 ,"  8,833 ","  56,220 ",,,,,  31 ,"  110,993 ",,,  -   ,"  1,546 ","  8,977 ",  8 ,"  63,110 ",,"  1,381 ",,,  33 ,  174 ,,"  32,069 ","  16,364 ","  2,579 ","  28,611 ","  11,401 ",  95 ,"  2,650 ",  27 ,,,,,,,,,,,"  62,127 ","  36,197 ",,"  46,646 ","  163,788 ","  29,384 ","  1,699 ","  309,590 ","  30,701 ","  14,777 ","  148,779 ","  5,407 ",,  9 ,  14 ,,"  333,515 ","  14,384 ","  25,440 ","  403,278 ","  363,607 ","  136,074 ","  319,759 ","  25,908 ","  52,906 "
5/1/2016,"  7,300 ",  545 ,"  9,720 ",  443 ,,  706 ,"  8,748 ","  18,697 ","  15,107 ","  1,808 ","  113,225 ","  4,234 ","  48,516 ","  76,366 ","  43,097 ","  26,326 ",  19 ,"  37,539 ","  124,343 ","  21,529 ","  42,519 ","  46,424 ","  35,121 ","  1,161 ",,,,"  2,823 ",  3 ,,"  1,181 ",,"  3,020 ","  96,407 ",,  296 ,,"  7,050 ","  10,835 ","  3,439 ","  4,472 ","  1,483 ","  1,020 ","  8,530 ",,,,"  38,914 ","  20,715 ",  -   ,"  5,873 ",,  601 ,"  8,059 ","  51,282 ",,,,,,"  106,768 ",,,  -   ,"  1,759 ","  8,750 ",  8 ,"  59,411 ",,"  1,004 ",,,,  191 ,,"  30,847 ","  16,046 ","  3,259 ","  25,246 ","  10,380 ",  86 ,"  2,640 ",  6 ,,,,,,,,,,,"  61,533 ","  36,084 ",,"  41,046 ","  168,244 ","  25,078 ","  1,240 ","  318,210 ","  26,253 ","  14,518 ","  142,559 ","  5,264 ",,,,,"  308,116 ","  13,663 ","  21,495 ","  377,188 ","  363,976 ","  137,494 ","  321,142 ","  26,625 ","  49,904 "
6/1/2016,"  8,992 ",  687 ,"  12,228 ",  658 ,,"  1,161 ","  10,826 ","  25,956 ","  22,157 ",  628 ,"  143,113 ","  5,139 ","  63,339 ","  92,752 ","  52,763 ","  33,797 ",  13 ,"  45,381 ","  143,161 ","  27,577 ","  54,576 ","  63,247 ","  45,180 ","  1,119 ",,,,"  3,066 ",  4 ,  123 ,"  1,427 ",,  627 ,"  122,981 ",,  278 ,  31 ,"  9,557 ","  12,364 ","  4,995 ","  4,796 ","  1,986 ","  1,571 ","  11,405 ",,,,"  45,270 ","  23,472 ",  -   ,"  7,801 ",,  813 ,"  8,158 ","  61,507 ",,,,,,"  138,844 ",,,  -   ,"  2,134 ","  9,625 ",  12 ,"  73,674 ",,"  1,169 ",,,,  149 ,,"  40,243 ","  19,424 ","  4,689 ","  29,497 ","  11,583 ",  130 ,"  3,301 ",,,,,,,,,,,,"  73,011 ","  46,417 ",,"  52,546 ","  198,164 ","  30,938 ","  2,249 ","  391,262 ","  33,135 ","  19,581 ","  179,416 ","  7,063 ",,  188 ,,,"  455,733 ","  17,373 ","  31,941 ","  488,254 ","  434,268 ","  180,186 ","  421,435 ","  29,329 ","  63,226 "
7/1/2016,"  7,009 ",  464 ,"  8,792 ",  470 ,,  880 ,"  7,921 ","  22,640 ","  27,660 ",  291 ,"  118,573 ","  4,525 ","  56,767 ","  70,680 ","  39,743 ","  27,486 ",  2 ,"  36,142 ","  114,110 ","  23,160 ","  43,078 ","  51,189 ","  36,660 ","  1,276 ",,,,"  3,171 ",,  473 ,"  1,314 ",,  535 ,"  98,195 ",,  252 ,  314 ,"  7,579 ","  9,464 ","  4,100 ","  3,408 ","  1,084 ",  891 ,"  7,857 ",,,,"  34,584 ","  20,385 ",,"  5,842 ",,  543 ,"  6,396 ","  45,057 ",,,,,,"  106,624 ",,,,"  1,324 ","  6,959 ",,"  55,138 ",,  864 ,,,,  112 ,,"  30,668 ","  15,363 ","  4,127 ","  20,530 ","  7,426 ",  109 ,"  1,986 ",,,,,,,,,,,,"  57,221 ","  34,457 ",,"  42,063 ","  152,147 ","  23,340 ","  1,651 ","  307,952 ","  26,067 ","  14,385 ","  126,629 ","  6,663 ",,  110 ,,,"  342,001 ","  12,844 ","  27,524 ","  413,537 ","  345,143 ","  147,771 ","  344,742 ","  19,878 ","  50,073 "
8/1/2016,"  7,118 ",  533 ,"  8,984 ",  506 ,,  951 ,"  8,758 ","  23,697 ","  29,383 ",  333 ,"  102,126 ","  5,031 ","  51,081 ","  76,132 ","  42,479 ","  28,084 ",  19 ,"  36,969 ","  116,379 ","  22,809 ","  42,109 ","  48,922 ","  34,830 ",  949 ,,,,"  5,023 ",,  619 ,"  1,371 ",,  534 ,"  96,519 ",,  372 ,  319 ,"  7,669 ","  8,897 ","  4,500 ","  5,483 ",  898 ,  650 ,"  7,171 ",  93 ,,,"  34,619 ","  21,936 ",,"  4,522 ",,  341 ,"  5,978 ","  47,990 ",  929 ,,,,,"  109,377 ",,,,"  1,776 ","  8,100 ",,"  69,988 ","  1,224 ","  1,384 ",,,,  155 ,,"  31,523 ","  15,476 ","  3,458 ","  26,674 ","  8,601 ",  57 ,"  3,309 ",,,,,,,,,,,,"  56,588 ","  33,906 ",,"  46,855 ","  161,828 ","  22,868 ","  1,406 ","  313,995 ","  25,511 ","  13,695 ","  127,983 ","  6,253 ",,  106 ,,,"  354,971 ","  12,802 ","  26,659 ","  384,577 ","  348,242 ","  147,941 ","  331,269 ","  23,925 ","  50,977 "
9/1/2016,"  9,177 ",  703 ,"  10,023 ",  606 ,,  925 ,"  11,400 ","  26,815 ","  38,858 ",  419 ,"  117,276 ","  7,035 ","  62,082 ","  92,783 ","  52,291 ","  34,654 ",  7 ,"  44,351 ","  152,547 ","  26,842 ","  48,942 ","  57,685 ","  39,491 ","  1,277 ",,,,"  5,882 ",,  623 ,"  1,738 ",,  783 ,"  119,515 ",,  174 ,  33 ,"  11,232 ","  11,151 ","  4,290 ","  5,286 ","  1,518 ",  566 ,"  11,313 ",  632 ,,,"  46,810 ","  26,179 ",,"  5,577 ",,  654 ,"  7,617 ","  60,530 ","  3,362 ",,,,,"  134,117 ",,,,"  1,597 ","  7,080 ",,"  79,758 ","  9,222 ",  581 ,,,,  218 ,  17 ,"  40,994 ","  18,900 ","  4,298 ","  34,193 ","  10,696 ",  211 ,"  2,128 ",,,,,,,,,,,,"  74,218 ","  41,651 ",,"  59,307 ","  205,222 ","  30,407 ","  2,160 ","  397,686 ","  32,140 ","  16,628 ","  152,236 ","  8,646 ",,  138 ,,,"  407,458 ","  15,739 ","  32,734 ","  460,868 ","  435,624 ","  186,316 ","  350,503 ","  26,846 ","  58,029 "
10/1/2016,"  7,690 ",  528 ,"  8,358 ",  508 ,,  743 ,"  8,870 ","  20,770 ","  35,979 ",  317 ,"  85,820 ","  6,015 ","  49,303 ","  74,501 ","  40,703 ","  28,243 ",  15 ,"  34,526 ","  118,183 ","  21,434 ","  37,865 ","  45,206 ","  34,125 ",  558 ,,,,"  4,567 ",,  596 ,"  1,327 ",,  912 ,"  100,958 ",,  195 ,  27 ,"  9,352 ","  5,119 ","  4,253 ","  3,478 ",  855 ,  860 ,"  4,706 ","  1,655 ",,,"  36,004 ","  20,905 ",,"  4,803 ",,  541 ,"  4,711 ","  47,654 ","  4,933 ",,,,,"  110,077 ",,,,"  2,180 ","  7,048 ",,"  70,416 ","  7,800 ",  227 ,,,,  130 ,  13 ,"  33,144 ","  13,193 ","  2,796 ","  26,337 ","  7,865 ",  119 ,"  3,072 ",,,,,,,,,,,,"  58,617 ","  33,757 ",,"  48,481 ","  164,296 ","  24,695 ","  1,167 ","  320,098 ","  26,204 ","  14,172 ","  125,667 ","  5,645 ",,  165 ,,,"  297,558 ","  13,422 ","  26,712 ","  342,238 ","  354,204 ","  150,837 ","  277,488 ","  20,330 ","  46,571 "